0 verbose cli /usr/local/bin/node /usr/local/bin/npm
1 info using npm@10.8.2
2 info using node@v20.20.0
3 silly config load:file:/usr/local/lib/node_modules/npm/npmrc
4 silly config load:file:/data/.npmrc
5 silly config load:file:/usr/src/node-red/.npmrc
6 silly config load:file:/usr/local/etc/npmrc
7 verbose title npm install @flowfuse/node-red-dashboard@1.30.2
8 verbose argv "install" "--no-audit" "--no-update-notifier" "--no-fund" "--save" "--save-prefix" "~" "--omit" "dev" "--engine-strict" "@flowfuse/node-red-dashboard@1.30.2"
9 verbose logfile logs-max:10 dir:/data/.npm/_logs/2026-04-14T19_56_08_810Z-
10 verbose logfile /data/.npm/_logs/2026-04-14T19_56_08_810Z-debug-0.log
11 silly packumentCache heap:4345298944 maxSize:1086324736 maxEntrySize:543162368
12 silly logfile done cleaning log files
13 silly idealTree buildDeps
14 silly fetch manifest @flowfuse/node-red-dashboard@1.30.2
15 silly packumentCache full:https://registry.npmjs.org/@flowfuse%2fnode-red-dashboard cache-miss
16 http fetch GET 200 https://registry.npmjs.org/@flowfuse%2fnode-red-dashboard 1364ms (cache miss)
17 silly packumentCache full:https://registry.npmjs.org/@flowfuse%2fnode-red-dashboard set size:undefined disposed:false
18 silly placeDep ROOT @flowfuse/node-red-dashboard@1.30.2 OK for: node-red-project@0.0.1 want: 1.30.2
19 silly fetch manifest d3@^7.9.0
20 silly packumentCache full:https://registry.npmjs.org/d3 cache-miss
21 silly fetch manifest vue@^3.5.25
22 silly packumentCache full:https://registry.npmjs.org/vue cache-miss
23 silly fetch manifest acorn@^8.15.0
24 silly packumentCache full:https://registry.npmjs.org/acorn cache-miss
25 silly fetch manifest axios@^1.13.2
26 silly packumentCache full:https://registry.npmjs.org/axios cache-miss
27 silly fetch manifest core-js@^3.47.0
28 silly packumentCache full:https://registry.npmjs.org/core-js cache-miss
29 silly fetch manifest echarts@^6.0.0
30 silly packumentCache full:https://registry.npmjs.org/echarts cache-miss
31 silly fetch manifest express@^4.22.1
32 silly packumentCache full:https://registry.npmjs.org/express cache-miss
33 http fetch GET 200 https://registry.npmjs.org/d3 199ms (cache miss)
34 silly packumentCache full:https://registry.npmjs.org/d3 set size:undefined disposed:false
35 silly fetch manifest escodegen@^2.1.0
36 silly packumentCache full:https://registry.npmjs.org/escodegen cache-miss
37 http fetch GET 200 https://registry.npmjs.org/escodegen 125ms (cache miss)
38 silly packumentCache full:https://registry.npmjs.org/escodegen set size:undefined disposed:false
39 silly fetch manifest socket.io@^4.8.1
40 silly packumentCache full:https://registry.npmjs.org/socket.io cache-miss
41 http fetch GET 200 https://registry.npmjs.org/acorn 647ms (cache miss)
42 silly packumentCache full:https://registry.npmjs.org/acorn set size:undefined disposed:false
43 silly fetch manifest lodash.merge@^4.6.2
44 silly packumentCache full:https://registry.npmjs.org/lodash.merge cache-miss
45 http fetch GET 200 https://registry.npmjs.org/echarts 703ms (cache miss)
46 silly packumentCache full:https://registry.npmjs.org/echarts set size:undefined disposed:false
47 http fetch GET 200 https://registry.npmjs.org/axios 730ms (cache miss)
48 silly packumentCache full:https://registry.npmjs.org/axios set size:undefined disposed:false
49 http fetch GET 200 https://registry.npmjs.org/express 770ms (cache miss)
50 silly packumentCache full:https://registry.npmjs.org/express set size:undefined disposed:false
51 http fetch GET 200 https://registry.npmjs.org/socket.io 475ms (cache miss)
52 silly packumentCache full:https://registry.npmjs.org/socket.io set size:undefined disposed:false
53 http fetch GET 200 https://registry.npmjs.org/lodash.merge 215ms (cache miss)
54 silly packumentCache full:https://registry.npmjs.org/lodash.merge set size:undefined disposed:false
55 http fetch GET 200 https://registry.npmjs.org/core-js 884ms (cache miss)
56 silly packumentCache full:https://registry.npmjs.org/core-js set size:undefined disposed:false
57 http fetch GET 200 https://registry.npmjs.org/vue 918ms (cache miss)
58 silly packumentCache full:https://registry.npmjs.org/vue set size:undefined disposed:false
59 silly fetch manifest typescript@*
60 silly packumentCache full:https://registry.npmjs.org/typescript cache-miss
61 http fetch GET 200 https://registry.npmjs.org/typescript 1353ms (cache miss)
62 silly packumentCache full:https://registry.npmjs.org/typescript set size:undefined disposed:false
63 silly placeDep ROOT acorn@8.16.0 OK for: @flowfuse/node-red-dashboard@1.30.2 want: ^8.15.0
64 silly placeDep ROOT axios@1.15.0 OK for: @flowfuse/node-red-dashboard@1.30.2 want: ^1.13.2
65 silly placeDep ROOT core-js@3.49.0 OK for: @flowfuse/node-red-dashboard@1.30.2 want: ^3.47.0
66 silly placeDep ROOT d3@7.9.0 OK for: @flowfuse/node-red-dashboard@1.30.2 want: ^7.9.0
67 silly placeDep ROOT echarts@6.0.0 OK for: @flowfuse/node-red-dashboard@1.30.2 want: ^6.0.0
68 silly placeDep ROOT escodegen@2.1.0 OK for: @flowfuse/node-red-dashboard@1.30.2 want: ^2.1.0
69 silly placeDep ROOT express@4.22.1 OK for: @flowfuse/node-red-dashboard@1.30.2 want: ^4.22.1
70 silly placeDep ROOT lodash.merge@4.6.2 OK for: @flowfuse/node-red-dashboard@1.30.2 want: ^4.6.2
71 silly placeDep ROOT socket.io@4.8.3 OK for: @flowfuse/node-red-dashboard@1.30.2 want: ^4.8.1
72 silly placeDep ROOT vue@3.5.32 OK for: @flowfuse/node-red-dashboard@1.30.2 want: ^3.5.25
73 silly fetch manifest form-data@^4.0.5
74 silly packumentCache full:https://registry.npmjs.org/form-data cache-miss
75 silly fetch manifest proxy-from-env@^2.1.0
76 silly packumentCache full:https://registry.npmjs.org/proxy-from-env cache-miss
77 silly fetch manifest follow-redirects@^1.15.11
78 silly packumentCache full:https://registry.npmjs.org/follow-redirects cache-miss
79 silly fetch manifest d3-dsv@3
80 silly packumentCache full:https://registry.npmjs.org/d3-dsv cache-miss
81 silly fetch manifest d3-geo@3
82 silly packumentCache full:https://registry.npmjs.org/d3-geo cache-miss
83 silly fetch manifest d3-axis@3
84 silly packumentCache full:https://registry.npmjs.org/d3-axis cache-miss
85 silly fetch manifest d3-drag@3
86 silly packumentCache full:https://registry.npmjs.org/d3-drag cache-miss
87 http fetch GET 200 https://registry.npmjs.org/d3-dsv 152ms (cache miss)
88 silly packumentCache full:https://registry.npmjs.org/d3-dsv set size:undefined disposed:false
89 silly fetch manifest d3-ease@3
90 silly packumentCache full:https://registry.npmjs.org/d3-ease cache-miss
91 http fetch GET 200 https://registry.npmjs.org/d3-axis 204ms (cache miss)
92 silly packumentCache full:https://registry.npmjs.org/d3-axis set size:undefined disposed:false
93 silly fetch manifest d3-path@3
94 silly packumentCache full:https://registry.npmjs.org/d3-path cache-miss
95 http fetch GET 200 https://registry.npmjs.org/proxy-from-env 224ms (cache miss)
96 silly packumentCache full:https://registry.npmjs.org/proxy-from-env set size:undefined disposed:false
97 silly fetch manifest d3-time@3
98 silly packumentCache full:https://registry.npmjs.org/d3-time cache-miss
99 http fetch GET 200 https://registry.npmjs.org/form-data 233ms (cache miss)
100 silly packumentCache full:https://registry.npmjs.org/form-data set size:undefined disposed:false
101 silly fetch manifest d3-zoom@3
102 silly packumentCache full:https://registry.npmjs.org/d3-zoom cache-miss
103 http fetch GET 200 https://registry.npmjs.org/d3-drag 241ms (cache miss)
104 silly packumentCache full:https://registry.npmjs.org/d3-drag set size:undefined disposed:false
105 silly fetch manifest d3-array@3
106 silly packumentCache full:https://registry.npmjs.org/d3-array cache-miss
107 http fetch GET 200 https://registry.npmjs.org/d3-geo 286ms (cache miss)
108 silly packumentCache full:https://registry.npmjs.org/d3-geo set size:undefined disposed:false
109 silly fetch manifest d3-brush@3
110 silly packumentCache full:https://registry.npmjs.org/d3-brush cache-miss
111 http fetch GET 200 https://registry.npmjs.org/d3-path 111ms (cache miss)
112 silly packumentCache full:https://registry.npmjs.org/d3-path set size:undefined disposed:false
113 silly fetch manifest d3-chord@3
114 silly packumentCache full:https://registry.npmjs.org/d3-chord cache-miss
115 http fetch GET 200 https://registry.npmjs.org/d3-ease 176ms (cache miss)
116 silly packumentCache full:https://registry.npmjs.org/d3-ease set size:undefined disposed:false
117 silly fetch manifest d3-color@3
118 silly packumentCache full:https://registry.npmjs.org/d3-color cache-miss
119 http fetch GET 200 https://registry.npmjs.org/d3-time 194ms (cache miss)
120 silly packumentCache full:https://registry.npmjs.org/d3-time set size:undefined disposed:false
121 silly fetch manifest d3-fetch@3
122 silly packumentCache full:https://registry.npmjs.org/d3-fetch cache-miss
123 http fetch GET 200 https://registry.npmjs.org/d3-array 205ms (cache miss)
124 silly packumentCache full:https://registry.npmjs.org/d3-array set size:undefined disposed:false
125 silly fetch manifest d3-force@3
126 silly packumentCache full:https://registry.npmjs.org/d3-force cache-miss
127 http fetch GET 200 https://registry.npmjs.org/d3-brush 176ms (cache miss)
128 silly packumentCache full:https://registry.npmjs.org/d3-brush set size:undefined disposed:false
129 silly fetch manifest d3-scale@4
130 silly packumentCache full:https://registry.npmjs.org/d3-scale cache-miss
131 http fetch GET 200 https://registry.npmjs.org/d3-zoom 244ms (cache miss)
132 silly packumentCache full:https://registry.npmjs.org/d3-zoom set size:undefined disposed:false
133 silly fetch manifest d3-shape@3
134 silly packumentCache full:https://registry.npmjs.org/d3-shape cache-miss
135 http fetch GET 200 https://registry.npmjs.org/d3-color 184ms (cache miss)
136 silly packumentCache full:https://registry.npmjs.org/d3-color set size:undefined disposed:false
137 silly fetch manifest d3-timer@3
138 silly packumentCache full:https://registry.npmjs.org/d3-timer cache-miss
139 http fetch GET 200 https://registry.npmjs.org/d3-chord 212ms (cache miss)
140 silly packumentCache full:https://registry.npmjs.org/d3-chord set size:undefined disposed:false
141 silly fetch manifest d3-format@3
142 silly packumentCache full:https://registry.npmjs.org/d3-format cache-miss
143 http fetch GET 200 https://registry.npmjs.org/d3-fetch 286ms (cache miss)
144 silly packumentCache full:https://registry.npmjs.org/d3-fetch set size:undefined disposed:false
145 silly fetch manifest d3-random@3
146 silly packumentCache full:https://registry.npmjs.org/d3-random cache-miss
147 http fetch GET 200 https://registry.npmjs.org/d3-shape 269ms (cache miss)
148 silly packumentCache full:https://registry.npmjs.org/d3-shape set size:undefined disposed:false
149 silly fetch manifest d3-contour@4
150 silly packumentCache full:https://registry.npmjs.org/d3-contour cache-miss
151 http fetch GET 200 https://registry.npmjs.org/d3-force 311ms (cache miss)
152 silly packumentCache full:https://registry.npmjs.org/d3-force set size:undefined disposed:false
153 silly fetch manifest d3-polygon@3
154 silly packumentCache full:https://registry.npmjs.org/d3-polygon cache-miss
155 http fetch GET 200 https://registry.npmjs.org/d3-timer 247ms (cache miss)
156 silly packumentCache full:https://registry.npmjs.org/d3-timer set size:undefined disposed:false
157 silly fetch manifest d3-delaunay@6
158 silly packumentCache full:https://registry.npmjs.org/d3-delaunay cache-miss
159 http fetch GET 200 https://registry.npmjs.org/d3-scale 321ms (cache miss)
160 silly packumentCache full:https://registry.npmjs.org/d3-scale set size:undefined disposed:false
161 silly fetch manifest d3-dispatch@3
162 silly packumentCache full:https://registry.npmjs.org/d3-dispatch cache-miss
163 http fetch GET 200 https://registry.npmjs.org/d3-random 127ms (cache miss)
164 silly packumentCache full:https://registry.npmjs.org/d3-random set size:undefined disposed:false
165 silly fetch manifest d3-quadtree@3
166 silly packumentCache full:https://registry.npmjs.org/d3-quadtree cache-miss
167 http fetch GET 200 https://registry.npmjs.org/d3-contour 143ms (cache miss)
168 silly packumentCache full:https://registry.npmjs.org/d3-contour set size:undefined disposed:false
169 silly fetch manifest d3-hierarchy@3
170 silly packumentCache full:https://registry.npmjs.org/d3-hierarchy cache-miss
171 http fetch GET 200 https://registry.npmjs.org/d3-dispatch 135ms (cache miss)
172 silly packumentCache full:https://registry.npmjs.org/d3-dispatch set size:undefined disposed:false
173 silly fetch manifest d3-selection@3
174 silly packumentCache full:https://registry.npmjs.org/d3-selection cache-miss
175 http fetch GET 200 https://registry.npmjs.org/d3-delaunay 171ms (cache miss)
176 silly packumentCache full:https://registry.npmjs.org/d3-delaunay set size:undefined disposed:false
177 silly fetch manifest d3-transition@3
178 silly packumentCache full:https://registry.npmjs.org/d3-transition cache-miss
179 http fetch GET 200 https://registry.npmjs.org/d3-polygon 195ms (cache miss)
180 silly packumentCache full:https://registry.npmjs.org/d3-polygon set size:undefined disposed:false
181 silly fetch manifest d3-interpolate@3
182 silly packumentCache full:https://registry.npmjs.org/d3-interpolate cache-miss
183 http fetch GET 200 https://registry.npmjs.org/d3-hierarchy 245ms (cache miss)
184 silly packumentCache full:https://registry.npmjs.org/d3-hierarchy set size:undefined disposed:false
185 silly fetch manifest d3-time-format@4
186 silly packumentCache full:https://registry.npmjs.org/d3-time-format cache-miss
187 http fetch GET 200 https://registry.npmjs.org/d3-transition 205ms (cache miss)
188 silly packumentCache full:https://registry.npmjs.org/d3-transition set size:undefined disposed:false
189 silly fetch manifest d3-scale-chromatic@3
190 silly packumentCache full:https://registry.npmjs.org/d3-scale-chromatic cache-miss
191 http fetch GET 200 https://registry.npmjs.org/d3-interpolate 210ms (cache miss)
192 silly packumentCache full:https://registry.npmjs.org/d3-interpolate set size:undefined disposed:false
193 silly fetch manifest tslib@2.3.0
194 silly packumentCache full:https://registry.npmjs.org/tslib cache-miss
195 http fetch GET 200 https://registry.npmjs.org/follow-redirects 1246ms (cache miss)
196 silly packumentCache full:https://registry.npmjs.org/follow-redirects set size:undefined disposed:false
197 silly fetch manifest zrender@6.0.0
198 silly packumentCache full:https://registry.npmjs.org/zrender cache-miss
199 http fetch GET 200 https://registry.npmjs.org/d3-selection 308ms (cache miss)
200 silly packumentCache full:https://registry.npmjs.org/d3-selection set size:undefined disposed:false
201 silly fetch manifest estraverse@^5.2.0
202 silly packumentCache full:https://registry.npmjs.org/estraverse cache-miss
203 http fetch GET 200 https://registry.npmjs.org/d3-time-format 114ms (cache miss)
204 silly packumentCache full:https://registry.npmjs.org/d3-time-format set size:undefined disposed:false
205 silly fetch manifest esutils@^2.0.2
206 silly packumentCache full:https://registry.npmjs.org/esutils cache-miss
207 http fetch GET 200 https://registry.npmjs.org/d3-format 820ms (cache miss)
208 silly packumentCache full:https://registry.npmjs.org/d3-format set size:undefined disposed:false
209 silly fetch manifest esprima@^4.0.1
210 silly packumentCache full:https://registry.npmjs.org/esprima cache-miss
211 http fetch GET 200 https://registry.npmjs.org/d3-scale-chromatic 241ms (cache miss)
212 silly packumentCache full:https://registry.npmjs.org/d3-scale-chromatic set size:undefined disposed:false
213 silly fetch manifest source-map@~0.6.1
214 silly packumentCache full:https://registry.npmjs.org/source-map cache-miss
215 http fetch GET 200 https://registry.npmjs.org/tslib 242ms (cache miss)
216 silly packumentCache full:https://registry.npmjs.org/tslib set size:undefined disposed:false
217 silly fetch manifest qs@~6.14.0
218 silly packumentCache full:https://registry.npmjs.org/qs cache-miss
219 http fetch GET 200 https://registry.npmjs.org/estraverse 196ms (cache miss)
220 silly packumentCache full:https://registry.npmjs.org/estraverse set size:undefined disposed:false
221 silly fetch manifest depd@2.0.0
222 silly packumentCache full:https://registry.npmjs.org/depd cache-miss
223 http fetch GET 200 https://registry.npmjs.org/esutils 204ms (cache miss)
224 silly packumentCache full:https://registry.npmjs.org/esutils set size:undefined disposed:false
225 silly fetch manifest etag@~1.8.1
226 silly packumentCache full:https://registry.npmjs.org/etag cache-miss
227 http fetch GET 200 https://registry.npmjs.org/esprima 269ms (cache miss)
228 silly packumentCache full:https://registry.npmjs.org/esprima set size:undefined disposed:false
229 silly fetch manifest send@~0.19.0
230 silly packumentCache full:https://registry.npmjs.org/send cache-miss
231 http fetch GET 200 https://registry.npmjs.org/source-map 300ms (cache miss)
232 silly packumentCache full:https://registry.npmjs.org/source-map set size:undefined disposed:false
233 silly fetch manifest vary@~1.1.2
234 silly packumentCache full:https://registry.npmjs.org/vary cache-miss
235 http fetch GET 200 https://registry.npmjs.org/depd 343ms (cache miss)
236 silly packumentCache full:https://registry.npmjs.org/depd set size:undefined disposed:false
237 silly fetch manifest debug@2.6.9
238 silly packumentCache full:https://registry.npmjs.org/debug cache-miss
239 http fetch GET 200 https://registry.npmjs.org/etag 380ms (cache miss)
240 silly packumentCache full:https://registry.npmjs.org/etag set size:undefined disposed:false
241 silly fetch manifest fresh@~0.5.2
242 silly packumentCache full:https://registry.npmjs.org/fresh cache-miss
243 http fetch GET 200 https://registry.npmjs.org/qs 449ms (cache miss)
244 silly packumentCache full:https://registry.npmjs.org/qs set size:undefined disposed:false
245 silly fetch manifest cookie@~0.7.1
246 silly packumentCache full:https://registry.npmjs.org/cookie cache-miss
247 http fetch GET 200 https://registry.npmjs.org/vary 247ms (cache miss)
248 silly packumentCache full:https://registry.npmjs.org/vary set size:undefined disposed:false
249 silly fetch manifest accepts@~1.3.8
250 silly packumentCache full:https://registry.npmjs.org/accepts cache-miss
251 http fetch GET 200 https://registry.npmjs.org/fresh 196ms (cache miss)
252 silly packumentCache full:https://registry.npmjs.org/fresh set size:undefined disposed:false
253 silly fetch manifest methods@~1.1.2
254 silly packumentCache full:https://registry.npmjs.org/methods cache-miss
255 http fetch GET 200 https://registry.npmjs.org/zrender 842ms (cache miss)
256 silly packumentCache full:https://registry.npmjs.org/zrender set size:undefined disposed:false
257 silly fetch manifest type-is@~1.6.18
258 silly packumentCache full:https://registry.npmjs.org/type-is cache-miss
259 http fetch GET 200 https://registry.npmjs.org/send 464ms (cache miss)
260 silly packumentCache full:https://registry.npmjs.org/send set size:undefined disposed:false
261 silly fetch manifest parseurl@~1.3.3
262 silly packumentCache full:https://registry.npmjs.org/parseurl cache-miss
263 http fetch GET 200 https://registry.npmjs.org/debug 303ms (cache miss)
264 silly packumentCache full:https://registry.npmjs.org/debug set size:undefined disposed:false
265 silly fetch manifest statuses@~2.0.1
266 silly packumentCache full:https://registry.npmjs.org/statuses cache-miss
267 http fetch GET 200 https://registry.npmjs.org/d3-quadtree 1394ms (cache miss)
268 silly packumentCache full:https://registry.npmjs.org/d3-quadtree set size:undefined disposed:false
269 silly fetch manifest encodeurl@~2.0.0
270 silly packumentCache full:https://registry.npmjs.org/encodeurl cache-miss
271 http fetch GET 200 https://registry.npmjs.org/cookie 332ms (cache miss)
272 silly packumentCache full:https://registry.npmjs.org/cookie set size:undefined disposed:false
273 silly fetch manifest proxy-addr@~2.0.7
274 silly packumentCache full:https://registry.npmjs.org/proxy-addr cache-miss
275 http fetch GET 200 https://registry.npmjs.org/methods 172ms (cache miss)
276 silly packumentCache full:https://registry.npmjs.org/methods set size:undefined disposed:false
277 silly fetch manifest body-parser@~1.20.3
278 silly packumentCache full:https://registry.npmjs.org/body-parser cache-miss
279 http fetch GET 200 https://registry.npmjs.org/accepts 271ms (cache miss)
280 silly packumentCache full:https://registry.npmjs.org/accepts set size:undefined disposed:false
281 silly fetch manifest escape-html@~1.0.3
282 silly packumentCache full:https://registry.npmjs.org/escape-html cache-miss
283 http fetch GET 200 https://registry.npmjs.org/parseurl 197ms (cache miss)
284 silly packumentCache full:https://registry.npmjs.org/parseurl set size:undefined disposed:false
285 silly fetch manifest http-errors@~2.0.0
286 silly packumentCache full:https://registry.npmjs.org/http-errors cache-miss
287 http fetch GET 200 https://registry.npmjs.org/statuses 188ms (cache miss)
288 silly packumentCache full:https://registry.npmjs.org/statuses set size:undefined disposed:false
289 silly fetch manifest on-finished@~2.4.1
290 silly packumentCache full:https://registry.npmjs.org/on-finished cache-miss
291 http fetch GET 200 https://registry.npmjs.org/type-is 234ms (cache miss)
292 silly packumentCache full:https://registry.npmjs.org/type-is set size:undefined disposed:false
293 silly fetch manifest safe-buffer@5.2.1
294 silly packumentCache full:https://registry.npmjs.org/safe-buffer cache-miss
295 http fetch GET 200 https://registry.npmjs.org/escape-html 131ms (cache miss)
296 silly packumentCache full:https://registry.npmjs.org/escape-html set size:undefined disposed:false
297 silly fetch manifest utils-merge@1.0.1
298 silly packumentCache full:https://registry.npmjs.org/utils-merge cache-miss
299 http fetch GET 200 https://registry.npmjs.org/encodeurl 166ms (cache miss)
300 silly packumentCache full:https://registry.npmjs.org/encodeurl set size:undefined disposed:false
301 silly fetch manifest content-type@~1.0.4
302 silly packumentCache full:https://registry.npmjs.org/content-type cache-miss
303 http fetch GET 200 https://registry.npmjs.org/proxy-addr 188ms (cache miss)
304 silly packumentCache full:https://registry.npmjs.org/proxy-addr set size:undefined disposed:false
305 silly fetch manifest finalhandler@~1.3.1
306 silly packumentCache full:https://registry.npmjs.org/finalhandler cache-miss
307 http fetch GET 200 https://registry.npmjs.org/body-parser 188ms (cache miss)
308 silly packumentCache full:https://registry.npmjs.org/body-parser set size:undefined disposed:false
309 silly fetch manifest range-parser@~1.2.1
310 silly packumentCache full:https://registry.npmjs.org/range-parser cache-miss
311 http fetch GET 200 https://registry.npmjs.org/safe-buffer 184ms (cache miss)
312 silly packumentCache full:https://registry.npmjs.org/safe-buffer set size:undefined disposed:false
313 silly fetch manifest serve-static@~1.16.2
314 silly packumentCache full:https://registry.npmjs.org/serve-static cache-miss
315 http fetch GET 200 https://registry.npmjs.org/on-finished 200ms (cache miss)
316 silly packumentCache full:https://registry.npmjs.org/on-finished set size:undefined disposed:false
317 silly fetch manifest array-flatten@1.1.1
318 silly packumentCache full:https://registry.npmjs.org/array-flatten cache-miss
319 http fetch GET 200 https://registry.npmjs.org/utils-merge 161ms (cache miss)
320 silly packumentCache full:https://registry.npmjs.org/utils-merge set size:undefined disposed:false
321 silly fetch manifest path-to-regexp@~0.1.12
322 silly packumentCache full:https://registry.npmjs.org/path-to-regexp cache-miss
323 http fetch GET 200 https://registry.npmjs.org/http-errors 282ms (cache miss)
324 silly packumentCache full:https://registry.npmjs.org/http-errors set size:undefined disposed:false
325 silly fetch manifest setprototypeof@1.2.0
326 silly packumentCache full:https://registry.npmjs.org/setprototypeof cache-miss
327 http fetch GET 200 https://registry.npmjs.org/content-type 208ms (cache miss)
328 silly packumentCache full:https://registry.npmjs.org/content-type set size:undefined disposed:false
329 silly fetch manifest cookie-signature@~1.0.6
330 silly packumentCache full:https://registry.npmjs.org/cookie-signature cache-miss
331 http fetch GET 200 https://registry.npmjs.org/range-parser 164ms (cache miss)
332 silly packumentCache full:https://registry.npmjs.org/range-parser set size:undefined disposed:false
333 silly fetch manifest merge-descriptors@1.0.3
334 silly packumentCache full:https://registry.npmjs.org/merge-descriptors cache-miss
335 http fetch GET 200 https://registry.npmjs.org/finalhandler 196ms (cache miss)
336 silly packumentCache full:https://registry.npmjs.org/finalhandler set size:undefined disposed:false
337 silly fetch manifest content-disposition@~0.5.4
338 silly packumentCache full:https://registry.npmjs.org/content-disposition cache-miss
339 http fetch GET 200 https://registry.npmjs.org/array-flatten 181ms (cache miss)
340 silly packumentCache full:https://registry.npmjs.org/array-flatten set size:undefined disposed:false
341 silly fetch manifest accepts@~1.3.4
342 silly packumentCache full:https://registry.npmjs.org/accepts cache-miss
343 http fetch GET 200 https://registry.npmjs.org/serve-static 205ms (cache miss)
344 silly packumentCache full:https://registry.npmjs.org/serve-static set size:undefined disposed:false
345 silly fetch manifest base64id@~2.0.0
346 silly packumentCache full:https://registry.npmjs.org/base64id cache-miss
347 http fetch GET 200 https://registry.npmjs.org/setprototypeof 156ms (cache miss)
348 silly packumentCache full:https://registry.npmjs.org/setprototypeof set size:undefined disposed:false
349 silly fetch manifest cors@~2.8.5
350 silly packumentCache full:https://registry.npmjs.org/cors cache-miss
351 http fetch GET 200 https://registry.npmjs.org/accepts 57ms (cache hit)
352 silly packumentCache full:https://registry.npmjs.org/accepts set size:77054 disposed:false
353 silly fetch manifest debug@~4.4.1
354 silly packumentCache full:https://registry.npmjs.org/debug cache-miss
355 http fetch GET 200 https://registry.npmjs.org/debug 30ms (cache hit)
356 silly packumentCache full:https://registry.npmjs.org/debug set size:195840 disposed:false
357 silly fetch manifest engine.io@~6.6.0
358 silly packumentCache full:https://registry.npmjs.org/engine.io cache-miss
359 http fetch GET 200 https://registry.npmjs.org/merge-descriptors 199ms (cache miss)
360 silly packumentCache full:https://registry.npmjs.org/merge-descriptors set size:undefined disposed:false
361 silly fetch manifest socket.io-adapter@~2.5.2
362 silly packumentCache full:https://registry.npmjs.org/socket.io-adapter cache-miss
363 http fetch GET 200 https://registry.npmjs.org/cookie-signature 212ms (cache miss)
364 silly packumentCache full:https://registry.npmjs.org/cookie-signature set size:undefined disposed:false
365 silly fetch manifest socket.io-parser@~4.2.4
366 silly packumentCache full:https://registry.npmjs.org/socket.io-parser cache-miss
367 http fetch GET 200 https://registry.npmjs.org/path-to-regexp 270ms (cache miss)
368 silly packumentCache full:https://registry.npmjs.org/path-to-regexp set size:undefined disposed:false
369 silly fetch manifest @vue/shared@3.5.32
370 silly packumentCache full:https://registry.npmjs.org/@vue%2fshared cache-miss
371 http fetch GET 200 https://registry.npmjs.org/content-disposition 219ms (cache miss)
372 silly packumentCache full:https://registry.npmjs.org/content-disposition set size:undefined disposed:false
373 silly fetch manifest @vue/runtime-dom@3.5.32
374 silly packumentCache full:https://registry.npmjs.org/@vue%2fruntime-dom cache-miss
375 http fetch GET 200 https://registry.npmjs.org/base64id 158ms (cache miss)
376 silly packumentCache full:https://registry.npmjs.org/base64id set size:undefined disposed:false
377 silly fetch manifest @vue/compiler-dom@3.5.32
378 silly packumentCache full:https://registry.npmjs.org/@vue%2fcompiler-dom cache-miss
379 http fetch GET 200 https://registry.npmjs.org/cors 185ms (cache miss)
380 silly packumentCache full:https://registry.npmjs.org/cors set size:undefined disposed:false
381 silly fetch manifest @vue/compiler-sfc@3.5.32
382 silly packumentCache full:https://registry.npmjs.org/@vue%2fcompiler-sfc cache-miss
383 http fetch GET 200 https://registry.npmjs.org/socket.io-adapter 252ms (cache miss)
384 silly packumentCache full:https://registry.npmjs.org/socket.io-adapter set size:undefined disposed:false
385 silly fetch manifest @vue/server-renderer@3.5.32
386 silly packumentCache full:https://registry.npmjs.org/@vue%2fserver-renderer cache-miss
387 http fetch GET 200 https://registry.npmjs.org/socket.io-parser 473ms (cache miss)
388 silly packumentCache full:https://registry.npmjs.org/socket.io-parser set size:undefined disposed:false
389 http fetch GET 200 https://registry.npmjs.org/engine.io 538ms (cache miss)
390 silly packumentCache full:https://registry.npmjs.org/engine.io set size:undefined disposed:false
391 http fetch GET 200 https://registry.npmjs.org/@vue%2fruntime-dom 959ms (cache miss)
392 silly packumentCache full:https://registry.npmjs.org/@vue%2fruntime-dom set size:undefined disposed:false
393 http fetch GET 200 https://registry.npmjs.org/@vue%2fcompiler-dom 1012ms (cache miss)
394 silly packumentCache full:https://registry.npmjs.org/@vue%2fcompiler-dom set size:undefined disposed:false
395 http fetch GET 200 https://registry.npmjs.org/@vue%2fshared 1089ms (cache miss)
396 silly packumentCache full:https://registry.npmjs.org/@vue%2fshared set size:undefined disposed:false
397 http fetch GET 200 https://registry.npmjs.org/@vue%2fcompiler-sfc 1401ms (cache miss)
398 silly packumentCache full:https://registry.npmjs.org/@vue%2fcompiler-sfc set size:undefined disposed:false
399 http fetch GET 200 https://registry.npmjs.org/@vue%2fserver-renderer 1337ms (cache miss)
400 silly packumentCache full:https://registry.npmjs.org/@vue%2fserver-renderer set size:undefined disposed:false
401 silly placeDep ROOT follow-redirects@1.16.0 OK for: axios@1.15.0 want: ^1.15.11
402 silly placeDep ROOT form-data@4.0.5 OK for: axios@1.15.0 want: ^4.0.5
403 silly placeDep ROOT proxy-from-env@2.1.0 OK for: axios@1.15.0 want: ^2.1.0
404 silly fetch manifest asynckit@^0.4.0
405 silly packumentCache full:https://registry.npmjs.org/asynckit cache-miss
406 silly fetch manifest combined-stream@^1.0.8
407 silly packumentCache full:https://registry.npmjs.org/combined-stream cache-miss
408 silly fetch manifest es-set-tostringtag@^2.1.0
409 silly packumentCache full:https://registry.npmjs.org/es-set-tostringtag cache-miss
410 silly fetch manifest hasown@^2.0.2
411 silly packumentCache full:https://registry.npmjs.org/hasown cache-miss
412 silly fetch manifest mime-types@^2.1.12
413 silly packumentCache full:https://registry.npmjs.org/mime-types cache-miss
414 http fetch GET 200 https://registry.npmjs.org/asynckit 79ms (cache miss)
415 silly packumentCache full:https://registry.npmjs.org/asynckit set size:undefined disposed:false
416 http fetch GET 200 https://registry.npmjs.org/hasown 109ms (cache miss)
417 silly packumentCache full:https://registry.npmjs.org/hasown set size:undefined disposed:false
418 http fetch GET 200 https://registry.npmjs.org/combined-stream 115ms (cache miss)
419 silly packumentCache full:https://registry.npmjs.org/combined-stream set size:undefined disposed:false
420 http fetch GET 200 https://registry.npmjs.org/es-set-tostringtag 163ms (cache miss)
421 silly packumentCache full:https://registry.npmjs.org/es-set-tostringtag set size:undefined disposed:false
422 http fetch GET 200 https://registry.npmjs.org/mime-types 162ms (cache miss)
423 silly packumentCache full:https://registry.npmjs.org/mime-types set size:undefined disposed:false
424 silly placeDep ROOT d3-array@3.2.4 OK for: d3@7.9.0 want: 3
425 silly placeDep ROOT d3-axis@3.0.0 OK for: d3@7.9.0 want: 3
426 silly placeDep ROOT d3-brush@3.0.0 OK for: d3@7.9.0 want: 3
427 silly placeDep ROOT d3-chord@3.0.1 OK for: d3@7.9.0 want: 3
428 silly placeDep ROOT d3-color@3.1.0 OK for: d3@7.9.0 want: 3
429 silly placeDep ROOT d3-contour@4.0.2 OK for: d3@7.9.0 want: 4
430 silly placeDep ROOT d3-delaunay@6.0.4 OK for: d3@7.9.0 want: 6
431 silly placeDep ROOT d3-dispatch@3.0.1 OK for: d3@7.9.0 want: 3
432 silly placeDep ROOT d3-drag@3.0.0 OK for: d3@7.9.0 want: 3
433 silly placeDep ROOT d3-dsv@3.0.1 OK for: d3@7.9.0 want: 3
434 silly placeDep ROOT d3-ease@3.0.1 OK for: d3@7.9.0 want: 3
435 silly placeDep ROOT d3-fetch@3.0.1 OK for: d3@7.9.0 want: 3
436 silly placeDep ROOT d3-force@3.0.0 OK for: d3@7.9.0 want: 3
437 silly placeDep ROOT d3-format@3.1.2 OK for: d3@7.9.0 want: 3
438 silly placeDep ROOT d3-geo@3.1.1 OK for: d3@7.9.0 want: 3
439 silly placeDep ROOT d3-hierarchy@3.1.2 OK for: d3@7.9.0 want: 3
440 silly placeDep ROOT d3-interpolate@3.0.1 OK for: d3@7.9.0 want: 3
441 silly placeDep ROOT d3-path@3.1.0 OK for: d3@7.9.0 want: 3
442 silly placeDep ROOT d3-polygon@3.0.1 OK for: d3@7.9.0 want: 3
443 silly placeDep ROOT d3-quadtree@3.0.1 OK for: d3@7.9.0 want: 3
444 silly placeDep ROOT d3-random@3.0.1 OK for: d3@7.9.0 want: 3
445 silly placeDep ROOT d3-scale@4.0.2 OK for: d3@7.9.0 want: 4
446 silly placeDep ROOT d3-scale-chromatic@3.1.0 OK for: d3@7.9.0 want: 3
447 silly placeDep ROOT d3-selection@3.0.0 OK for: d3@7.9.0 want: 3
448 silly placeDep ROOT d3-shape@3.2.0 OK for: d3@7.9.0 want: 3
449 silly placeDep ROOT d3-time@3.1.0 OK for: d3@7.9.0 want: 3
450 silly placeDep ROOT d3-time-format@4.1.0 OK for: d3@7.9.0 want: 4
451 silly placeDep ROOT d3-timer@3.0.1 OK for: d3@7.9.0 want: 3
452 silly placeDep ROOT d3-transition@3.0.1 OK for: d3@7.9.0 want: 3
453 silly placeDep ROOT d3-zoom@3.0.0 OK for: d3@7.9.0 want: 3
454 silly fetch manifest internmap@1 - 2
455 silly packumentCache full:https://registry.npmjs.org/internmap cache-miss
456 silly fetch manifest d3-dispatch@1 - 3
457 silly packumentCache full:https://registry.npmjs.org/d3-dispatch cache-miss
458 silly fetch manifest d3-drag@2 - 3
459 silly packumentCache full:https://registry.npmjs.org/d3-drag cache-miss
460 silly fetch manifest d3-interpolate@1 - 3
461 silly packumentCache full:https://registry.npmjs.org/d3-interpolate cache-miss
462 silly fetch manifest d3-path@1 - 3
463 silly packumentCache full:https://registry.npmjs.org/d3-path cache-miss
464 silly fetch manifest delaunator@5
465 silly packumentCache full:https://registry.npmjs.org/delaunator cache-miss
466 silly fetch manifest commander@7
467 silly packumentCache full:https://registry.npmjs.org/commander cache-miss
468 http fetch GET 200 https://registry.npmjs.org/d3-dispatch 49ms (cache hit)
469 silly packumentCache full:https://registry.npmjs.org/d3-dispatch set size:82955 disposed:false
470 silly fetch manifest iconv-lite@0.6
471 silly packumentCache full:https://registry.npmjs.org/iconv-lite cache-miss
472 http fetch GET 200 https://registry.npmjs.org/d3-drag 55ms (cache hit)
473 silly packumentCache full:https://registry.npmjs.org/d3-drag set size:116130 disposed:false
474 silly fetch manifest rw@1
475 silly packumentCache full:https://registry.npmjs.org/rw cache-miss
476 http fetch GET 200 https://registry.npmjs.org/d3-path 58ms (cache hit)
477 silly packumentCache full:https://registry.npmjs.org/d3-path set size:77883 disposed:false
478 silly fetch manifest d3-quadtree@1 - 3
479 silly packumentCache full:https://registry.npmjs.org/d3-quadtree cache-miss
480 http fetch GET 200 https://registry.npmjs.org/d3-interpolate 70ms (cache hit)
481 silly packumentCache full:https://registry.npmjs.org/d3-interpolate set size:162337 disposed:false
482 silly fetch manifest d3-timer@1 - 3
483 silly packumentCache full:https://registry.npmjs.org/d3-timer cache-miss
484 http fetch GET 200 https://registry.npmjs.org/d3-timer 51ms (cache hit)
485 silly packumentCache full:https://registry.npmjs.org/d3-timer set size:101516 disposed:false
486 silly fetch manifest d3-time@2.1.1 - 3
487 silly packumentCache full:https://registry.npmjs.org/d3-time cache-miss
488 http fetch GET 200 https://registry.npmjs.org/d3-quadtree 68ms (cache hit)
489 silly packumentCache full:https://registry.npmjs.org/d3-quadtree set size:98011 disposed:false
490 silly fetch manifest d3-time-format@2 - 4
491 silly packumentCache full:https://registry.npmjs.org/d3-time-format cache-miss
492 http fetch GET 200 https://registry.npmjs.org/internmap 168ms (cache miss)
493 silly packumentCache full:https://registry.npmjs.org/internmap set size:undefined disposed:false
494 http fetch GET 200 https://registry.npmjs.org/d3-time 43ms (cache hit)
495 silly packumentCache full:https://registry.npmjs.org/d3-time set size:150406 disposed:false
496 http fetch GET 200 https://registry.npmjs.org/d3-time-format 47ms (cache hit)
497 silly packumentCache full:https://registry.npmjs.org/d3-time-format set size:124514 disposed:false
498 http fetch GET 200 https://registry.npmjs.org/delaunator 198ms (cache miss)
499 silly packumentCache full:https://registry.npmjs.org/delaunator set size:undefined disposed:false
500 http fetch GET 200 https://registry.npmjs.org/iconv-lite 160ms (cache revalidated)
501 silly packumentCache full:https://registry.npmjs.org/iconv-lite set size:120557 disposed:false
502 http fetch GET 200 https://registry.npmjs.org/rw 159ms (cache miss)
503 silly packumentCache full:https://registry.npmjs.org/rw set size:undefined disposed:false
504 http fetch GET 200 https://registry.npmjs.org/commander 211ms (cache miss)
505 silly packumentCache full:https://registry.npmjs.org/commander set size:undefined disposed:false
506 silly placeDep ROOT internmap@2.0.3 OK for: d3-array@3.2.4 want: 1 - 2
507 silly placeDep ROOT delaunator@5.1.0 OK for: d3-delaunay@6.0.4 want: 5
508 silly fetch manifest robust-predicates@^3.0.2
509 silly packumentCache full:https://registry.npmjs.org/robust-predicates cache-miss
510 http fetch GET 200 https://registry.npmjs.org/robust-predicates 88ms (cache miss)
511 silly packumentCache full:https://registry.npmjs.org/robust-predicates set size:undefined disposed:false
512 silly placeDep ROOT commander@7.2.0 OK for: d3-dsv@3.0.1 want: 7
513 silly placeDep node_modules/d3-dsv iconv-lite@0.6.3 OK for: d3-dsv@3.0.1 want: 0.6
514 silly placeDep ROOT rw@1.3.3 OK for: d3-dsv@3.0.1 want: 1
515 silly placeDep ROOT robust-predicates@3.0.3 OK for: delaunator@5.1.0 want: ^3.0.2
516 silly placeDep ROOT tslib@2.3.0 OK for: echarts@6.0.0 want: 2.3.0
517 silly placeDep ROOT zrender@6.0.0 OK for: echarts@6.0.0 want: 6.0.0
518 silly placeDep ROOT esprima@4.0.1 OK for: escodegen@2.1.0 want: ^4.0.1
519 silly placeDep ROOT estraverse@5.3.0 OK for: escodegen@2.1.0 want: ^5.2.0
520 silly placeDep ROOT esutils@2.0.3 OK for: escodegen@2.1.0 want: ^2.0.2
521 silly placeDep ROOT source-map@0.6.1 OK for: escodegen@2.1.0 want: ~0.6.1
522 silly placeDep ROOT accepts@1.3.8 OK for: express@4.22.1 want: ~1.3.8
523 silly placeDep ROOT array-flatten@1.1.1 OK for: express@4.22.1 want: 1.1.1
524 silly placeDep ROOT body-parser@1.20.4 OK for: express@4.22.1 want: ~1.20.3
525 silly placeDep ROOT content-disposition@0.5.4 OK for: express@4.22.1 want: ~0.5.4
526 silly placeDep ROOT content-type@1.0.5 OK for: express@4.22.1 want: ~1.0.4
527 silly placeDep ROOT cookie@0.7.2 OK for: express@4.22.1 want: ~0.7.1
528 silly placeDep ROOT cookie-signature@1.0.7 OK for: express@4.22.1 want: ~1.0.6
529 silly placeDep ROOT debug@2.6.9 OK for: express@4.22.1 want: 2.6.9
530 silly placeDep ROOT depd@2.0.0 OK for: express@4.22.1 want: 2.0.0
531 silly placeDep ROOT encodeurl@2.0.0 OK for: express@4.22.1 want: ~2.0.0
532 silly placeDep ROOT escape-html@1.0.3 OK for: express@4.22.1 want: ~1.0.3
533 silly placeDep ROOT etag@1.8.1 OK for: express@4.22.1 want: ~1.8.1
534 silly placeDep ROOT finalhandler@1.3.2 OK for: express@4.22.1 want: ~1.3.1
535 silly placeDep ROOT fresh@0.5.2 OK for: express@4.22.1 want: ~0.5.2
536 silly placeDep ROOT http-errors@2.0.1 OK for: express@4.22.1 want: ~2.0.0
537 silly placeDep ROOT merge-descriptors@1.0.3 OK for: express@4.22.1 want: 1.0.3
538 silly placeDep ROOT methods@1.1.2 OK for: express@4.22.1 want: ~1.1.2
539 silly placeDep ROOT on-finished@2.4.1 OK for: express@4.22.1 want: ~2.4.1
540 silly placeDep ROOT parseurl@1.3.3 OK for: express@4.22.1 want: ~1.3.3
541 silly placeDep ROOT path-to-regexp@0.1.13 OK for: express@4.22.1 want: ~0.1.12
542 silly placeDep ROOT proxy-addr@2.0.7 OK for: express@4.22.1 want: ~2.0.7
543 silly placeDep ROOT qs@6.14.2 OK for: express@4.22.1 want: ~6.14.0
544 silly placeDep ROOT range-parser@1.2.1 OK for: express@4.22.1 want: ~1.2.1
545 silly placeDep ROOT safe-buffer@5.2.1 OK for: express@4.22.1 want: 5.2.1
546 silly placeDep ROOT send@0.19.2 OK for: express@4.22.1 want: ~0.19.0
547 silly placeDep ROOT serve-static@1.16.3 OK for: express@4.22.1 want: ~1.16.2
548 silly placeDep ROOT setprototypeof@1.2.0 OK for: express@4.22.1 want: 1.2.0
549 silly placeDep ROOT statuses@2.0.2 OK for: express@4.22.1 want: ~2.0.1
550 silly placeDep ROOT type-is@1.6.18 OK for: express@4.22.1 want: ~1.6.18
551 silly placeDep ROOT utils-merge@1.0.1 OK for: express@4.22.1 want: 1.0.1
552 silly placeDep ROOT vary@1.1.2 OK for: express@4.22.1 want: ~1.1.2
553 silly fetch manifest mime-types@~2.1.34
554 silly packumentCache full:https://registry.npmjs.org/mime-types cache-miss
555 silly fetch manifest negotiator@0.6.3
556 silly packumentCache full:https://registry.npmjs.org/negotiator cache-miss
557 silly fetch manifest bytes@~3.1.2
558 silly packumentCache full:https://registry.npmjs.org/bytes cache-miss
559 silly fetch manifest unpipe@~1.0.0
560 silly packumentCache full:https://registry.npmjs.org/unpipe cache-miss
561 silly fetch manifest destroy@~1.2.0
562 silly packumentCache full:https://registry.npmjs.org/destroy cache-miss
563 silly fetch manifest raw-body@~2.5.3
564 silly packumentCache full:https://registry.npmjs.org/raw-body cache-miss
565 silly fetch manifest iconv-lite@~0.4.24
566 silly packumentCache full:https://registry.npmjs.org/iconv-lite cache-hit
567 silly fetch manifest http-errors@~2.0.1
568 silly packumentCache full:https://registry.npmjs.org/http-errors cache-miss
569 http fetch GET 200 https://registry.npmjs.org/mime-types 59ms (cache hit)
570 silly packumentCache full:https://registry.npmjs.org/mime-types set size:139110 disposed:false
571 silly fetch manifest content-type@~1.0.5
572 silly packumentCache full:https://registry.npmjs.org/content-type cache-miss
573 http fetch GET 200 https://registry.npmjs.org/http-errors 44ms (cache hit)
574 silly packumentCache full:https://registry.npmjs.org/http-errors set size:71987 disposed:false
575 silly fetch manifest ms@2.0.0
576 silly packumentCache full:https://registry.npmjs.org/ms cache-miss
577 http fetch GET 200 https://registry.npmjs.org/content-type 17ms (cache hit)
578 silly packumentCache full:https://registry.npmjs.org/content-type set size:17311 disposed:false
579 silly fetch manifest unpipe@~1.0.0
580 silly packumentCache full:https://registry.npmjs.org/unpipe cache-miss
581 http fetch GET 200 https://registry.npmjs.org/unpipe 95ms (cache miss)
582 silly packumentCache full:https://registry.npmjs.org/unpipe set size:undefined disposed:false
583 silly fetch manifest statuses@~2.0.2
584 silly packumentCache full:https://registry.npmjs.org/statuses cache-miss
585 http fetch GET 200 https://registry.npmjs.org/statuses 14ms (cache hit)
586 silly packumentCache full:https://registry.npmjs.org/statuses set size:37117 disposed:false
587 silly fetch manifest inherits@~2.0.4
588 silly packumentCache full:https://registry.npmjs.org/inherits cache-miss
589 http fetch GET 200 https://registry.npmjs.org/destroy 174ms (cache miss)
590 silly packumentCache full:https://registry.npmjs.org/destroy set size:undefined disposed:false
591 silly fetch manifest setprototypeof@~1.2.0
592 silly packumentCache full:https://registry.npmjs.org/setprototypeof cache-miss
593 http fetch GET 200 https://registry.npmjs.org/bytes 185ms (cache miss)
594 silly packumentCache full:https://registry.npmjs.org/bytes set size:undefined disposed:false
595 silly fetch manifest toidentifier@~1.0.1
596 silly packumentCache full:https://registry.npmjs.org/toidentifier cache-miss
597 http fetch GET 200 https://registry.npmjs.org/negotiator 197ms (cache miss)
598 silly packumentCache full:https://registry.npmjs.org/negotiator set size:undefined disposed:false
599 silly fetch manifest ee-first@1.1.1
600 silly packumentCache full:https://registry.npmjs.org/ee-first cache-miss
601 http fetch GET 200 https://registry.npmjs.org/ms 141ms (cache miss)
602 silly packumentCache full:https://registry.npmjs.org/ms set size:undefined disposed:false
603 silly fetch manifest forwarded@0.2.0
604 silly packumentCache full:https://registry.npmjs.org/forwarded cache-miss
605 http fetch GET 200 https://registry.npmjs.org/setprototypeof 57ms (cache hit)
606 silly packumentCache full:https://registry.npmjs.org/setprototypeof set size:14532 disposed:false
607 silly fetch manifest ipaddr.js@1.9.1
608 silly packumentCache full:https://registry.npmjs.org/ipaddr.js cache-miss
609 http fetch GET 200 https://registry.npmjs.org/unpipe 171ms (cache miss)
610 silly packumentCache full:https://registry.npmjs.org/unpipe set size:undefined disposed:false
611 silly fetch manifest side-channel@^1.1.0
612 silly packumentCache full:https://registry.npmjs.org/side-channel cache-miss
613 http fetch GET 200 https://registry.npmjs.org/raw-body 248ms (cache miss)
614 silly packumentCache full:https://registry.npmjs.org/raw-body set size:undefined disposed:false
615 silly fetch manifest ms@2.1.3
616 silly packumentCache full:https://registry.npmjs.org/ms cache-miss
617 http fetch GET 200 https://registry.npmjs.org/inherits 157ms (cache miss)
618 silly packumentCache full:https://registry.npmjs.org/inherits set size:undefined disposed:false
619 silly fetch manifest mime@1.6.0
620 silly packumentCache full:https://registry.npmjs.org/mime cache-miss
621 http fetch GET 200 https://registry.npmjs.org/ms 20ms (cache hit)
622 silly packumentCache full:https://registry.npmjs.org/ms set size:92208 disposed:false
623 silly fetch manifest destroy@1.2.0
624 silly packumentCache full:https://registry.npmjs.org/destroy cache-miss
625 http fetch GET 200 https://registry.npmjs.org/destroy 6ms (cache hit)
626 silly packumentCache full:https://registry.npmjs.org/destroy set size:15738 disposed:false
627 silly fetch manifest mime-types@~2.1.24
628 silly packumentCache full:https://registry.npmjs.org/mime-types cache-hit
629 silly fetch manifest media-typer@0.3.0
630 silly packumentCache full:https://registry.npmjs.org/media-typer cache-miss
631 http fetch GET 200 https://registry.npmjs.org/toidentifier 179ms (cache miss)
632 silly packumentCache full:https://registry.npmjs.org/toidentifier set size:undefined disposed:false
633 http fetch GET 200 https://registry.npmjs.org/forwarded 178ms (cache miss)
634 silly packumentCache full:https://registry.npmjs.org/forwarded set size:undefined disposed:false
635 http fetch GET 200 https://registry.npmjs.org/side-channel 145ms (cache miss)
636 silly packumentCache full:https://registry.npmjs.org/side-channel set size:undefined disposed:false
637 http fetch GET 200 https://registry.npmjs.org/mime 143ms (cache miss)
638 silly packumentCache full:https://registry.npmjs.org/mime set size:undefined disposed:false
639 http fetch GET 200 https://registry.npmjs.org/ee-first 241ms (cache miss)
640 silly packumentCache full:https://registry.npmjs.org/ee-first set size:undefined disposed:false
641 http fetch GET 200 https://registry.npmjs.org/ipaddr.js 202ms (cache miss)
642 silly packumentCache full:https://registry.npmjs.org/ipaddr.js set size:undefined disposed:false
643 http fetch GET 200 https://registry.npmjs.org/media-typer 135ms (cache miss)
644 silly packumentCache full:https://registry.npmjs.org/media-typer set size:undefined disposed:false
645 silly placeDep ROOT mime-types@2.1.35 OK for: accepts@1.3.8 want: ~2.1.34
646 silly placeDep ROOT negotiator@0.6.3 OK for: accepts@1.3.8 want: 0.6.3
647 silly fetch manifest mime-db@1.52.0
648 silly packumentCache full:https://registry.npmjs.org/mime-db cache-miss
649 http fetch GET 200 https://registry.npmjs.org/mime-db 165ms (cache miss)
650 silly packumentCache full:https://registry.npmjs.org/mime-db set size:undefined disposed:false
651 silly placeDep ROOT bytes@3.1.2 OK for: body-parser@1.20.4 want: ~3.1.2
652 silly placeDep ROOT destroy@1.2.0 OK for: body-parser@1.20.4 want: ~1.2.0
653 silly placeDep node_modules/body-parser iconv-lite@0.4.24 OK for: body-parser@1.20.4 want: ~0.4.24
654 silly placeDep ROOT raw-body@2.5.3 OK for: body-parser@1.20.4 want: ~2.5.3
655 silly placeDep ROOT unpipe@1.0.0 OK for: body-parser@1.20.4 want: ~1.0.0
656 silly placeDep ROOT ms@2.0.0 OK for: debug@2.6.9 want: 2.0.0
657 silly placeDep ROOT asynckit@0.4.0 OK for: form-data@4.0.5 want: ^0.4.0
658 silly placeDep ROOT combined-stream@1.0.8 OK for: form-data@4.0.5 want: ^1.0.8
659 silly placeDep ROOT es-set-tostringtag@2.1.0 OK for: form-data@4.0.5 want: ^2.1.0
660 silly placeDep ROOT hasown@2.0.2 OK for: form-data@4.0.5 want: ^2.0.2
661 silly fetch manifest delayed-stream@~1.0.0
662 silly packumentCache full:https://registry.npmjs.org/delayed-stream cache-miss
663 silly fetch manifest es-errors@^1.3.0
664 silly packumentCache full:https://registry.npmjs.org/es-errors cache-miss
665 silly fetch manifest get-intrinsic@^1.2.6
666 silly packumentCache full:https://registry.npmjs.org/get-intrinsic cache-miss
667 silly fetch manifest has-tostringtag@^1.0.2
668 silly packumentCache full:https://registry.npmjs.org/has-tostringtag cache-miss
669 silly fetch manifest function-bind@^1.1.2
670 silly packumentCache full:https://registry.npmjs.org/function-bind cache-miss
671 http fetch GET 200 https://registry.npmjs.org/has-tostringtag 101ms (cache miss)
672 silly packumentCache full:https://registry.npmjs.org/has-tostringtag set size:undefined disposed:false
673 http fetch GET 200 https://registry.npmjs.org/function-bind 99ms (cache miss)
674 silly packumentCache full:https://registry.npmjs.org/function-bind set size:undefined disposed:false
675 http fetch GET 200 https://registry.npmjs.org/es-errors 111ms (cache miss)
676 silly packumentCache full:https://registry.npmjs.org/es-errors set size:undefined disposed:false
677 http fetch GET 200 https://registry.npmjs.org/delayed-stream 116ms (cache miss)
678 silly packumentCache full:https://registry.npmjs.org/delayed-stream set size:undefined disposed:false
679 http fetch GET 200 https://registry.npmjs.org/get-intrinsic 120ms (cache miss)
680 silly packumentCache full:https://registry.npmjs.org/get-intrinsic set size:undefined disposed:false
681 silly placeDep ROOT delayed-stream@1.0.0 OK for: combined-stream@1.0.8 want: ~1.0.0
682 silly placeDep ROOT es-errors@1.3.0 OK for: es-set-tostringtag@2.1.0 want: ^1.3.0
683 silly placeDep ROOT get-intrinsic@1.3.0 OK for: es-set-tostringtag@2.1.0 want: ^1.2.6
684 silly placeDep ROOT has-tostringtag@1.0.2 OK for: es-set-tostringtag@2.1.0 want: ^1.0.2
685 silly fetch manifest gopd@^1.2.0
686 silly packumentCache full:https://registry.npmjs.org/gopd cache-miss
687 silly fetch manifest get-proto@^1.0.1
688 silly packumentCache full:https://registry.npmjs.org/get-proto cache-miss
689 silly fetch manifest has-symbols@^1.1.0
690 silly packumentCache full:https://registry.npmjs.org/has-symbols cache-miss
691 silly fetch manifest es-object-atoms@^1.1.1
692 silly packumentCache full:https://registry.npmjs.org/es-object-atoms cache-miss
693 silly fetch manifest math-intrinsics@^1.1.0
694 silly packumentCache full:https://registry.npmjs.org/math-intrinsics cache-miss
695 silly fetch manifest es-define-property@^1.0.1
696 silly packumentCache full:https://registry.npmjs.org/es-define-property cache-miss
697 silly fetch manifest call-bind-apply-helpers@^1.0.2
698 silly packumentCache full:https://registry.npmjs.org/call-bind-apply-helpers cache-miss
699 http fetch GET 200 https://registry.npmjs.org/es-object-atoms 138ms (cache miss)
700 silly packumentCache full:https://registry.npmjs.org/es-object-atoms set size:undefined disposed:false
701 silly fetch manifest has-symbols@^1.0.3
702 silly packumentCache full:https://registry.npmjs.org/has-symbols cache-miss
703 http fetch GET 200 https://registry.npmjs.org/gopd 152ms (cache miss)
704 silly packumentCache full:https://registry.npmjs.org/gopd set size:undefined disposed:false
705 http fetch GET 200 https://registry.npmjs.org/get-proto 154ms (cache miss)
706 silly packumentCache full:https://registry.npmjs.org/get-proto set size:undefined disposed:false
707 http fetch GET 200 https://registry.npmjs.org/has-symbols 159ms (cache miss)
708 silly packumentCache full:https://registry.npmjs.org/has-symbols set size:undefined disposed:false
709 http fetch GET 200 https://registry.npmjs.org/math-intrinsics 165ms (cache miss)
710 silly packumentCache full:https://registry.npmjs.org/math-intrinsics set size:undefined disposed:false
711 http fetch GET 200 https://registry.npmjs.org/es-define-property 170ms (cache miss)
712 silly packumentCache full:https://registry.npmjs.org/es-define-property set size:undefined disposed:false
713 http fetch GET 200 https://registry.npmjs.org/has-symbols 38ms (cache hit)
714 silly packumentCache full:https://registry.npmjs.org/has-symbols set size:21550 disposed:false
715 http fetch GET 200 https://registry.npmjs.org/call-bind-apply-helpers 159ms (cache miss)
716 silly packumentCache full:https://registry.npmjs.org/call-bind-apply-helpers set size:undefined disposed:false
717 silly placeDep ROOT call-bind-apply-helpers@1.0.2 OK for: get-intrinsic@1.3.0 want: ^1.0.2
718 silly placeDep ROOT es-define-property@1.0.1 OK for: get-intrinsic@1.3.0 want: ^1.0.1
719 silly placeDep ROOT es-object-atoms@1.1.1 OK for: get-intrinsic@1.3.0 want: ^1.1.1
720 silly placeDep ROOT function-bind@1.1.2 OK for: get-intrinsic@1.3.0 want: ^1.1.2
721 silly placeDep ROOT get-proto@1.0.1 OK for: get-intrinsic@1.3.0 want: ^1.0.1
722 silly placeDep ROOT gopd@1.2.0 OK for: get-intrinsic@1.3.0 want: ^1.2.0
723 silly placeDep ROOT has-symbols@1.1.0 OK for: get-intrinsic@1.3.0 want: ^1.1.0
724 silly placeDep ROOT math-intrinsics@1.1.0 OK for: get-intrinsic@1.3.0 want: ^1.1.0
725 silly fetch manifest dunder-proto@^1.0.1
726 silly packumentCache full:https://registry.npmjs.org/dunder-proto cache-miss
727 http fetch GET 200 https://registry.npmjs.org/dunder-proto 98ms (cache miss)
728 silly packumentCache full:https://registry.npmjs.org/dunder-proto set size:undefined disposed:false
729 silly placeDep ROOT dunder-proto@1.0.1 OK for: get-proto@1.0.1 want: ^1.0.1
730 silly placeDep ROOT inherits@2.0.4 OK for: http-errors@2.0.1 want: ~2.0.4
731 silly placeDep ROOT toidentifier@1.0.1 OK for: http-errors@2.0.1 want: ~1.0.1
732 silly placeDep ROOT mime-db@1.52.0 OK for: mime-types@2.1.35 want: 1.52.0
733 silly placeDep ROOT ee-first@1.1.1 OK for: on-finished@2.4.1 want: 1.1.1
734 silly placeDep ROOT forwarded@0.2.0 OK for: proxy-addr@2.0.7 want: 0.2.0
735 silly placeDep ROOT ipaddr.js@1.9.1 OK for: proxy-addr@2.0.7 want: 1.9.1
736 silly placeDep ROOT side-channel@1.1.0 OK for: qs@6.14.2 want: ^1.1.0
737 silly fetch manifest object-inspect@^1.13.3
738 silly packumentCache full:https://registry.npmjs.org/object-inspect cache-miss
739 silly fetch manifest side-channel-list@^1.0.0
740 silly packumentCache full:https://registry.npmjs.org/side-channel-list cache-miss
741 silly fetch manifest side-channel-map@^1.0.1
742 silly packumentCache full:https://registry.npmjs.org/side-channel-map cache-miss
743 silly fetch manifest side-channel-weakmap@^1.0.2
744 silly packumentCache full:https://registry.npmjs.org/side-channel-weakmap cache-miss
745 http fetch GET 200 https://registry.npmjs.org/side-channel-list 118ms (cache miss)
746 silly packumentCache full:https://registry.npmjs.org/side-channel-list set size:undefined disposed:false
747 http fetch GET 200 https://registry.npmjs.org/side-channel-weakmap 120ms (cache miss)
748 silly packumentCache full:https://registry.npmjs.org/side-channel-weakmap set size:undefined disposed:false
749 http fetch GET 200 https://registry.npmjs.org/side-channel-map 125ms (cache miss)
750 silly packumentCache full:https://registry.npmjs.org/side-channel-map set size:undefined disposed:false
751 http fetch GET 200 https://registry.npmjs.org/object-inspect 186ms (cache miss)
752 silly packumentCache full:https://registry.npmjs.org/object-inspect set size:undefined disposed:false
753 silly placeDep node_modules/raw-body iconv-lite@0.4.24 OK for: raw-body@2.5.3 want: ~0.4.24
754 silly placeDep ROOT mime@1.6.0 OK for: send@0.19.2 want: 1.6.0
755 silly placeDep node_modules/send ms@2.1.3 OK for: send@0.19.2 want: 2.1.3
756 silly placeDep ROOT object-inspect@1.13.4 OK for: side-channel@1.1.0 want: ^1.13.3
757 silly placeDep ROOT side-channel-list@1.0.1 OK for: side-channel@1.1.0 want: ^1.0.0
758 silly placeDep ROOT side-channel-map@1.0.1 OK for: side-channel@1.1.0 want: ^1.0.1
759 silly placeDep ROOT side-channel-weakmap@1.0.2 OK for: side-channel@1.1.0 want: ^1.0.2
760 silly fetch manifest call-bound@^1.0.2
761 silly packumentCache full:https://registry.npmjs.org/call-bound cache-miss
762 silly fetch manifest call-bound@^1.0.2
763 silly packumentCache full:https://registry.npmjs.org/call-bound cache-miss
764 http fetch GET 200 https://registry.npmjs.org/call-bound 296ms (cache miss)
765 silly packumentCache full:https://registry.npmjs.org/call-bound set size:undefined disposed:false
766 http fetch GET 200 https://registry.npmjs.org/call-bound 311ms (cache miss)
767 silly packumentCache full:https://registry.npmjs.org/call-bound set size:undefined disposed:false
768 silly placeDep ROOT call-bound@1.0.4 OK for: side-channel-map@1.0.1 want: ^1.0.2
769 silly placeDep ROOT base64id@2.0.0 OK for: socket.io@4.8.3 want: ~2.0.0
770 silly placeDep ROOT cors@2.8.6 OK for: socket.io@4.8.3 want: ~2.8.5
771 silly placeDep node_modules/socket.io debug@4.4.3 OK for: socket.io@4.8.3 want: ~4.4.1
772 silly placeDep ROOT engine.io@6.6.6 OK for: socket.io@4.8.3 want: ~6.6.0
773 silly placeDep ROOT socket.io-adapter@2.5.6 OK for: socket.io@4.8.3 want: ~2.5.2
774 silly placeDep ROOT socket.io-parser@4.2.6 OK for: socket.io@4.8.3 want: ~4.2.4
775 silly fetch manifest object-assign@^4
776 silly packumentCache full:https://registry.npmjs.org/object-assign cache-miss
777 silly fetch manifest ms@^2.1.3
778 silly packumentCache full:https://registry.npmjs.org/ms cache-hit
779 silly fetch manifest @types/cors@^2.8.12
780 silly packumentCache full:https://registry.npmjs.org/@types%2fcors cache-miss
781 silly fetch manifest @types/ws@^8.5.12
782 silly packumentCache full:https://registry.npmjs.org/@types%2fws cache-miss
783 silly fetch manifest engine.io-parser@~5.2.1
784 silly packumentCache full:https://registry.npmjs.org/engine.io-parser cache-miss
785 silly fetch manifest ws@~8.18.3
786 silly packumentCache full:https://registry.npmjs.org/ws cache-miss
787 silly fetch manifest ws@~8.18.3
788 silly packumentCache full:https://registry.npmjs.org/ws cache-miss
789 silly fetch manifest @socket.io/component-emitter@~3.1.0
790 silly packumentCache full:https://registry.npmjs.org/@socket.io%2fcomponent-emitter cache-miss
791 http fetch GET 200 https://registry.npmjs.org/object-assign 152ms (cache miss)
792 silly packumentCache full:https://registry.npmjs.org/object-assign set size:undefined disposed:false
793 http fetch GET 200 https://registry.npmjs.org/@types%2fcors 203ms (cache miss)
794 silly packumentCache full:https://registry.npmjs.org/@types%2fcors set size:undefined disposed:false
795 http fetch GET 200 https://registry.npmjs.org/@socket.io%2fcomponent-emitter 200ms (cache miss)
796 silly packumentCache full:https://registry.npmjs.org/@socket.io%2fcomponent-emitter set size:undefined disposed:false
797 http fetch GET 200 https://registry.npmjs.org/@types%2fws 226ms (cache miss)
798 silly packumentCache full:https://registry.npmjs.org/@types%2fws set size:undefined disposed:false
799 http fetch GET 200 https://registry.npmjs.org/ws 225ms (cache miss)
800 silly packumentCache full:https://registry.npmjs.org/ws set size:undefined disposed:false
801 http fetch GET 200 https://registry.npmjs.org/engine.io-parser 341ms (cache miss)
802 silly packumentCache full:https://registry.npmjs.org/engine.io-parser set size:undefined disposed:false
803 http fetch GET 200 https://registry.npmjs.org/ws 371ms (cache miss)
804 silly packumentCache full:https://registry.npmjs.org/ws set size:undefined disposed:false
805 silly placeDep ROOT object-assign@4.1.1 OK for: cors@2.8.6 want: ^4
806 silly fetch manifest bufferutil@^4.0.1
807 silly packumentCache full:https://registry.npmjs.org/bufferutil cache-miss
808 http fetch GET 200 https://registry.npmjs.org/bufferutil 112ms (cache miss)
809 silly packumentCache full:https://registry.npmjs.org/bufferutil set size:undefined disposed:false
810 silly fetch manifest utf-8-validate@>=5.0.2
811 silly packumentCache full:https://registry.npmjs.org/utf-8-validate cache-miss
812 http fetch GET 200 https://registry.npmjs.org/utf-8-validate 141ms (cache miss)
813 silly packumentCache full:https://registry.npmjs.org/utf-8-validate set size:undefined disposed:false
814 silly placeDep ROOT @types/cors@2.8.19 OK for: engine.io@6.6.6 want: ^2.8.12
815 silly placeDep ROOT @types/ws@8.18.1 OK for: engine.io@6.6.6 want: ^8.5.12
816 silly placeDep node_modules/engine.io debug@4.4.3 OK for: engine.io@6.6.6 want: ~4.4.1
817 silly placeDep ROOT engine.io-parser@5.2.3 OK for: engine.io@6.6.6 want: ~5.2.1
818 silly placeDep ROOT ws@8.18.3 OK for: engine.io@6.6.6 want: ~8.18.3
819 silly placeDep node_modules/socket.io-adapter debug@4.4.3 OK for: socket.io-adapter@2.5.6 want: ~4.4.1
820 silly placeDep ROOT @socket.io/component-emitter@3.1.2 OK for: socket.io-parser@4.2.6 want: ~3.1.0
821 silly placeDep node_modules/socket.io-parser debug@4.4.3 OK for: socket.io-parser@4.2.6 want: ~4.4.1
822 silly placeDep ROOT media-typer@0.3.0 OK for: type-is@1.6.18 want: 0.3.0
823 silly fetch manifest vue@3.5.32
824 silly packumentCache full:https://registry.npmjs.org/vue cache-miss
825 http fetch GET 200 https://registry.npmjs.org/vue 22ms (cache hit)
826 silly packumentCache full:https://registry.npmjs.org/vue set size:2022218 disposed:false
827 silly placeDep ROOT @vue/compiler-dom@3.5.32 OK for: vue@3.5.32 want: 3.5.32
828 silly placeDep ROOT @vue/compiler-sfc@3.5.32 OK for: vue@3.5.32 want: 3.5.32
829 silly placeDep ROOT @vue/runtime-dom@3.5.32 OK for: vue@3.5.32 want: 3.5.32
830 silly placeDep ROOT @vue/server-renderer@3.5.32 OK for: vue@3.5.32 want: 3.5.32
831 silly placeDep ROOT @vue/shared@3.5.32 OK for: vue@3.5.32 want: 3.5.32
832 silly fetch manifest @vue/compiler-core@3.5.32
833 silly packumentCache full:https://registry.npmjs.org/@vue%2fcompiler-core cache-miss
834 silly fetch manifest postcss@^8.5.8
835 silly packumentCache full:https://registry.npmjs.org/postcss cache-miss
836 silly fetch manifest magic-string@^0.30.21
837 silly packumentCache full:https://registry.npmjs.org/magic-string cache-miss
838 silly fetch manifest @babel/parser@^7.29.2
839 silly packumentCache full:https://registry.npmjs.org/@babel%2fparser cache-miss
840 silly fetch manifest estree-walker@^2.0.2
841 silly packumentCache full:https://registry.npmjs.org/estree-walker cache-miss
842 silly fetch manifest source-map-js@^1.2.1
843 silly packumentCache full:https://registry.npmjs.org/source-map-js cache-miss
844 silly fetch manifest @vue/compiler-ssr@3.5.32
845 silly packumentCache full:https://registry.npmjs.org/@vue%2fcompiler-ssr cache-miss
846 http fetch GET 200 https://registry.npmjs.org/source-map-js 203ms (cache miss)
847 silly packumentCache full:https://registry.npmjs.org/source-map-js set size:undefined disposed:false
848 silly fetch manifest @vue/compiler-core@3.5.32
849 silly packumentCache full:https://registry.npmjs.org/@vue%2fcompiler-core cache-miss
850 http fetch GET 200 https://registry.npmjs.org/estree-walker 226ms (cache miss)
851 silly packumentCache full:https://registry.npmjs.org/estree-walker set size:undefined disposed:false
852 silly fetch manifest csstype@^3.2.3
853 silly packumentCache full:https://registry.npmjs.org/csstype cache-miss
854 http fetch GET 200 https://registry.npmjs.org/@babel%2fparser 248ms (cache miss)
855 silly packumentCache full:https://registry.npmjs.org/@babel%2fparser set size:undefined disposed:false
856 silly fetch manifest @vue/reactivity@3.5.32
857 silly packumentCache full:https://registry.npmjs.org/@vue%2freactivity cache-miss
858 http fetch GET 200 https://registry.npmjs.org/magic-string 309ms (cache miss)
859 silly packumentCache full:https://registry.npmjs.org/magic-string set size:undefined disposed:false
860 silly fetch manifest @vue/runtime-core@3.5.32
861 silly packumentCache full:https://registry.npmjs.org/@vue%2fruntime-core cache-miss
862 http fetch GET 200 https://registry.npmjs.org/postcss 382ms (cache miss)
863 silly packumentCache full:https://registry.npmjs.org/postcss set size:undefined disposed:false
864 silly fetch manifest @vue/compiler-ssr@3.5.32
865 silly packumentCache full:https://registry.npmjs.org/@vue%2fcompiler-ssr cache-miss
866 http fetch GET 200 https://registry.npmjs.org/csstype 181ms (cache miss)
867 silly packumentCache full:https://registry.npmjs.org/csstype set size:undefined disposed:false
868 http fetch GET 200 https://registry.npmjs.org/@vue%2fcompiler-core 362ms (cache miss)
869 silly packumentCache full:https://registry.npmjs.org/@vue%2fcompiler-core set size:undefined disposed:false
870 http fetch GET 200 https://registry.npmjs.org/@vue%2freactivity 556ms (cache miss)
871 silly packumentCache full:https://registry.npmjs.org/@vue%2freactivity set size:undefined disposed:false
872 http fetch GET 200 https://registry.npmjs.org/@vue%2fcompiler-ssr 445ms (cache miss)
873 silly packumentCache full:https://registry.npmjs.org/@vue%2fcompiler-ssr set size:undefined disposed:false
874 http fetch GET 200 https://registry.npmjs.org/@vue%2fcompiler-ssr 1110ms (cache miss)
875 silly packumentCache full:https://registry.npmjs.org/@vue%2fcompiler-ssr set size:undefined disposed:false
876 http fetch GET 200 https://registry.npmjs.org/@vue%2fcompiler-core 1214ms (cache miss)
877 silly packumentCache full:https://registry.npmjs.org/@vue%2fcompiler-core set size:undefined disposed:false
878 http fetch GET 200 https://registry.npmjs.org/@vue%2fruntime-core 1327ms (cache miss)
879 silly packumentCache full:https://registry.npmjs.org/@vue%2fruntime-core set size:undefined disposed:false
880 silly placeDep ROOT @vue/compiler-core@3.5.32 OK for: @vue/compiler-dom@3.5.32 want: 3.5.32
881 silly fetch manifest entities@^7.0.1
882 silly packumentCache full:https://registry.npmjs.org/entities cache-miss
883 http fetch GET 200 https://registry.npmjs.org/entities 107ms (cache miss)
884 silly packumentCache full:https://registry.npmjs.org/entities set size:undefined disposed:false
885 silly placeDep ROOT @babel/parser@7.29.2 OK for: @vue/compiler-core@3.5.32 want: ^7.29.2
886 silly placeDep ROOT entities@7.0.1 OK for: @vue/compiler-core@3.5.32 want: ^7.0.1
887 silly placeDep ROOT estree-walker@2.0.2 OK for: @vue/compiler-core@3.5.32 want: ^2.0.2
888 silly placeDep ROOT source-map-js@1.2.1 OK for: @vue/compiler-core@3.5.32 want: ^1.2.1
889 silly fetch manifest @babel/types@^7.29.0
890 silly packumentCache full:https://registry.npmjs.org/@babel%2ftypes cache-miss
891 http fetch GET 200 https://registry.npmjs.org/@babel%2ftypes 110ms (cache miss)
892 silly packumentCache full:https://registry.npmjs.org/@babel%2ftypes set size:undefined disposed:false
893 silly placeDep ROOT @babel/types@7.29.0 OK for: @babel/parser@7.29.2 want: ^7.29.0
894 silly fetch manifest @babel/helper-string-parser@^7.27.1
895 silly packumentCache full:https://registry.npmjs.org/@babel%2fhelper-string-parser cache-miss
896 silly fetch manifest @babel/helper-validator-identifier@^7.28.5
897 silly packumentCache full:https://registry.npmjs.org/@babel%2fhelper-validator-identifier cache-miss
898 http fetch GET 200 https://registry.npmjs.org/@babel%2fhelper-string-parser 105ms (cache miss)
899 silly packumentCache full:https://registry.npmjs.org/@babel%2fhelper-string-parser set size:undefined disposed:false
900 http fetch GET 200 https://registry.npmjs.org/@babel%2fhelper-validator-identifier 109ms (cache miss)
901 silly packumentCache full:https://registry.npmjs.org/@babel%2fhelper-validator-identifier set size:undefined disposed:false
902 silly placeDep ROOT @babel/helper-string-parser@7.27.1 OK for: @babel/types@7.29.0 want: ^7.27.1
903 silly placeDep ROOT @babel/helper-validator-identifier@7.28.5 OK for: @babel/types@7.29.0 want: ^7.28.5
904 silly placeDep ROOT @vue/compiler-ssr@3.5.32 OK for: @vue/compiler-sfc@3.5.32 want: 3.5.32
905 silly placeDep ROOT magic-string@0.30.21 OK for: @vue/compiler-sfc@3.5.32 want: ^0.30.21
906 silly placeDep ROOT postcss@8.5.9 OK for: @vue/compiler-sfc@3.5.32 want: ^8.5.8
907 silly fetch manifest @jridgewell/sourcemap-codec@^1.5.5
908 silly packumentCache full:https://registry.npmjs.org/@jridgewell%2fsourcemap-codec cache-miss
909 silly fetch manifest nanoid@^3.3.11
910 silly packumentCache full:https://registry.npmjs.org/nanoid cache-miss
911 silly fetch manifest picocolors@^1.1.1
912 silly packumentCache full:https://registry.npmjs.org/picocolors cache-miss
913 http fetch GET 200 https://registry.npmjs.org/picocolors 81ms (cache miss)
914 silly packumentCache full:https://registry.npmjs.org/picocolors set size:undefined disposed:false
915 http fetch GET 200 https://registry.npmjs.org/@jridgewell%2fsourcemap-codec 174ms (cache miss)
916 silly packumentCache full:https://registry.npmjs.org/@jridgewell%2fsourcemap-codec set size:undefined disposed:false
917 http fetch GET 200 https://registry.npmjs.org/nanoid 244ms (cache miss)
918 silly packumentCache full:https://registry.npmjs.org/nanoid set size:undefined disposed:false
919 silly placeDep ROOT @vue/reactivity@3.5.32 OK for: @vue/runtime-dom@3.5.32 want: 3.5.32
920 silly placeDep ROOT @vue/runtime-core@3.5.32 OK for: @vue/runtime-dom@3.5.32 want: 3.5.32
921 silly placeDep ROOT csstype@3.2.3 OK for: @vue/runtime-dom@3.5.32 want: ^3.2.3
922 silly placeDep ROOT @jridgewell/sourcemap-codec@1.5.5 OK for: magic-string@0.30.21 want: ^1.5.5
923 silly placeDep ROOT nanoid@3.3.11 OK for: postcss@8.5.9 want: ^3.3.11
924 silly placeDep ROOT picocolors@1.1.1 OK for: postcss@8.5.9 want: ^1.1.1
925 silly placeDep node_modules/engine.io ms@2.1.3 OK for: debug@4.4.3 want: ^2.1.3
926 silly placeDep node_modules/socket.io-adapter ms@2.1.3 OK for: debug@4.4.3 want: ^2.1.3
927 silly placeDep node_modules/socket.io-parser ms@2.1.3 OK for: debug@4.4.3 want: ^2.1.3
928 silly placeDep node_modules/socket.io ms@2.1.3 OK for: debug@4.4.3 want: ^2.1.3
929 silly reify moves {}
930 silly tarball no local data for picocolors@https://registry.npmjs.org/picocolors/-/picocolors-1.1.1.tgz. Extracting by manifest.
931 silly tarball no local data for @jridgewell/sourcemap-codec@https://registry.npmjs.org/@jridgewell/sourcemap-codec/-/sourcemap-codec-1.5.5.tgz. Extracting by manifest.
932 silly tarball no local data for nanoid@https://registry.npmjs.org/nanoid/-/nanoid-3.3.11.tgz. Extracting by manifest.
933 silly tarball no local data for csstype@https://registry.npmjs.org/csstype/-/csstype-3.2.3.tgz. Extracting by manifest.
934 silly tarball no local data for @vue/runtime-core@https://registry.npmjs.org/@vue/runtime-core/-/runtime-core-3.5.32.tgz. Extracting by manifest.
935 silly tarball no local data for @vue/reactivity@https://registry.npmjs.org/@vue/reactivity/-/reactivity-3.5.32.tgz. Extracting by manifest.
936 silly tarball no local data for postcss@https://registry.npmjs.org/postcss/-/postcss-8.5.9.tgz. Extracting by manifest.
937 silly tarball no local data for magic-string@https://registry.npmjs.org/magic-string/-/magic-string-0.30.21.tgz. Extracting by manifest.
938 silly tarball no local data for @vue/compiler-ssr@https://registry.npmjs.org/@vue/compiler-ssr/-/compiler-ssr-3.5.32.tgz. Extracting by manifest.
939 silly tarball no local data for @babel/helper-validator-identifier@https://registry.npmjs.org/@babel/helper-validator-identifier/-/helper-validator-identifier-7.28.5.tgz. Extracting by manifest.
940 silly tarball no local data for @babel/helper-string-parser@https://registry.npmjs.org/@babel/helper-string-parser/-/helper-string-parser-7.27.1.tgz. Extracting by manifest.
941 silly tarball no local data for source-map-js@https://registry.npmjs.org/source-map-js/-/source-map-js-1.2.1.tgz. Extracting by manifest.
942 silly tarball no local data for @babel/types@https://registry.npmjs.org/@babel/types/-/types-7.29.0.tgz. Extracting by manifest.
943 silly tarball no local data for estree-walker@https://registry.npmjs.org/estree-walker/-/estree-walker-2.0.2.tgz. Extracting by manifest.
944 silly tarball no local data for entities@https://registry.npmjs.org/entities/-/entities-7.0.1.tgz. Extracting by manifest.
945 silly tarball no local data for @babel/parser@https://registry.npmjs.org/@babel/parser/-/parser-7.29.2.tgz. Extracting by manifest.
946 silly tarball no local data for @vue/compiler-core@https://registry.npmjs.org/@vue/compiler-core/-/compiler-core-3.5.32.tgz. Extracting by manifest.
947 silly tarball no local data for @vue/server-renderer@https://registry.npmjs.org/@vue/server-renderer/-/server-renderer-3.5.32.tgz. Extracting by manifest.
948 silly tarball no local data for @vue/shared@https://registry.npmjs.org/@vue/shared/-/shared-3.5.32.tgz. Extracting by manifest.
949 silly tarball no local data for @vue/runtime-dom@https://registry.npmjs.org/@vue/runtime-dom/-/runtime-dom-3.5.32.tgz. Extracting by manifest.
950 silly tarball no local data for @vue/compiler-dom@https://registry.npmjs.org/@vue/compiler-dom/-/compiler-dom-3.5.32.tgz. Extracting by manifest.
951 silly tarball no local data for @vue/compiler-sfc@https://registry.npmjs.org/@vue/compiler-sfc/-/compiler-sfc-3.5.32.tgz. Extracting by manifest.
952 silly tarball no local data for media-typer@https://registry.npmjs.org/media-typer/-/media-typer-0.3.0.tgz. Extracting by manifest.
953 silly tarball no local data for @socket.io/component-emitter@https://registry.npmjs.org/@socket.io/component-emitter/-/component-emitter-3.1.2.tgz. Extracting by manifest.
954 silly tarball no local data for ws@https://registry.npmjs.org/ws/-/ws-8.18.3.tgz. Extracting by manifest.
955 silly tarball no local data for engine.io-parser@https://registry.npmjs.org/engine.io-parser/-/engine.io-parser-5.2.3.tgz. Extracting by manifest.
956 silly tarball no local data for @types/ws@https://registry.npmjs.org/@types/ws/-/ws-8.18.1.tgz. Extracting by manifest.
957 silly tarball no local data for @types/cors@https://registry.npmjs.org/@types/cors/-/cors-2.8.19.tgz. Extracting by manifest.
958 silly tarball no local data for object-assign@https://registry.npmjs.org/object-assign/-/object-assign-4.1.1.tgz. Extracting by manifest.
959 silly tarball no local data for socket.io-parser@https://registry.npmjs.org/socket.io-parser/-/socket.io-parser-4.2.6.tgz. Extracting by manifest.
960 silly tarball no local data for socket.io-adapter@https://registry.npmjs.org/socket.io-adapter/-/socket.io-adapter-2.5.6.tgz. Extracting by manifest.
961 silly tarball no local data for engine.io@https://registry.npmjs.org/engine.io/-/engine.io-6.6.6.tgz. Extracting by manifest.
962 silly tarball no local data for cors@https://registry.npmjs.org/cors/-/cors-2.8.6.tgz. Extracting by manifest.
963 silly tarball no local data for base64id@https://registry.npmjs.org/base64id/-/base64id-2.0.0.tgz. Extracting by manifest.
964 silly tarball no local data for call-bound@https://registry.npmjs.org/call-bound/-/call-bound-1.0.4.tgz. Extracting by manifest.
965 silly tarball no local data for side-channel-weakmap@https://registry.npmjs.org/side-channel-weakmap/-/side-channel-weakmap-1.0.2.tgz. Extracting by manifest.
966 silly tarball no local data for side-channel-map@https://registry.npmjs.org/side-channel-map/-/side-channel-map-1.0.1.tgz. Extracting by manifest.
967 silly tarball no local data for side-channel-list@https://registry.npmjs.org/side-channel-list/-/side-channel-list-1.0.1.tgz. Extracting by manifest.
968 silly tarball no local data for mime@https://registry.npmjs.org/mime/-/mime-1.6.0.tgz. Extracting by manifest.
969 silly tarball no local data for object-inspect@https://registry.npmjs.org/object-inspect/-/object-inspect-1.13.4.tgz. Extracting by manifest.
970 silly tarball no local data for side-channel@https://registry.npmjs.org/side-channel/-/side-channel-1.1.0.tgz. Extracting by manifest.
971 silly tarball no local data for forwarded@https://registry.npmjs.org/forwarded/-/forwarded-0.2.0.tgz. Extracting by manifest.
972 silly tarball no local data for ipaddr.js@https://registry.npmjs.org/ipaddr.js/-/ipaddr.js-1.9.1.tgz. Extracting by manifest.
973 silly tarball no local data for ee-first@https://registry.npmjs.org/ee-first/-/ee-first-1.1.1.tgz. Extracting by manifest.
974 silly tarball no local data for mime-db@https://registry.npmjs.org/mime-db/-/mime-db-1.52.0.tgz. Extracting by manifest.
975 silly tarball no local data for toidentifier@https://registry.npmjs.org/toidentifier/-/toidentifier-1.0.1.tgz. Extracting by manifest.
976 silly tarball no local data for inherits@https://registry.npmjs.org/inherits/-/inherits-2.0.4.tgz. Extracting by manifest.
977 silly tarball no local data for dunder-proto@https://registry.npmjs.org/dunder-proto/-/dunder-proto-1.0.1.tgz. Extracting by manifest.
978 silly tarball no local data for math-intrinsics@https://registry.npmjs.org/math-intrinsics/-/math-intrinsics-1.1.0.tgz. Extracting by manifest.
979 silly tarball no local data for has-symbols@https://registry.npmjs.org/has-symbols/-/has-symbols-1.1.0.tgz. Extracting by manifest.
980 silly tarball no local data for gopd@https://registry.npmjs.org/gopd/-/gopd-1.2.0.tgz. Extracting by manifest.
981 silly tarball no local data for get-proto@https://registry.npmjs.org/get-proto/-/get-proto-1.0.1.tgz. Extracting by manifest.
982 silly tarball no local data for function-bind@https://registry.npmjs.org/function-bind/-/function-bind-1.1.2.tgz. Extracting by manifest.
983 silly tarball no local data for es-object-atoms@https://registry.npmjs.org/es-object-atoms/-/es-object-atoms-1.1.1.tgz. Extracting by manifest.
984 silly tarball no local data for es-define-property@https://registry.npmjs.org/es-define-property/-/es-define-property-1.0.1.tgz. Extracting by manifest.
985 silly tarball no local data for call-bind-apply-helpers@https://registry.npmjs.org/call-bind-apply-helpers/-/call-bind-apply-helpers-1.0.2.tgz. Extracting by manifest.
986 silly tarball no local data for has-tostringtag@https://registry.npmjs.org/has-tostringtag/-/has-tostringtag-1.0.2.tgz. Extracting by manifest.
987 silly tarball no local data for get-intrinsic@https://registry.npmjs.org/get-intrinsic/-/get-intrinsic-1.3.0.tgz. Extracting by manifest.
988 silly tarball no local data for es-errors@https://registry.npmjs.org/es-errors/-/es-errors-1.3.0.tgz. Extracting by manifest.
989 silly tarball no local data for delayed-stream@https://registry.npmjs.org/delayed-stream/-/delayed-stream-1.0.0.tgz. Extracting by manifest.
990 silly tarball no local data for hasown@https://registry.npmjs.org/hasown/-/hasown-2.0.2.tgz. Extracting by manifest.
991 silly tarball no local data for es-set-tostringtag@https://registry.npmjs.org/es-set-tostringtag/-/es-set-tostringtag-2.1.0.tgz. Extracting by manifest.
992 silly tarball no local data for combined-stream@https://registry.npmjs.org/combined-stream/-/combined-stream-1.0.8.tgz. Extracting by manifest.
993 silly tarball no local data for asynckit@https://registry.npmjs.org/asynckit/-/asynckit-0.4.0.tgz. Extracting by manifest.
994 silly tarball no local data for ms@https://registry.npmjs.org/ms/-/ms-2.0.0.tgz. Extracting by manifest.
995 silly tarball no local data for unpipe@https://registry.npmjs.org/unpipe/-/unpipe-1.0.0.tgz. Extracting by manifest.
996 silly tarball no local data for raw-body@https://registry.npmjs.org/raw-body/-/raw-body-2.5.3.tgz. Extracting by manifest.
997 silly tarball no local data for destroy@https://registry.npmjs.org/destroy/-/destroy-1.2.0.tgz. Extracting by manifest.
998 silly tarball no local data for bytes@https://registry.npmjs.org/bytes/-/bytes-3.1.2.tgz. Extracting by manifest.
999 silly tarball no local data for negotiator@https://registry.npmjs.org/negotiator/-/negotiator-0.6.3.tgz. Extracting by manifest.
1000 silly tarball no local data for mime-types@https://registry.npmjs.org/mime-types/-/mime-types-2.1.35.tgz. Extracting by manifest.
1001 silly tarball no local data for vary@https://registry.npmjs.org/vary/-/vary-1.1.2.tgz. Extracting by manifest.
1002 silly tarball no local data for utils-merge@https://registry.npmjs.org/utils-merge/-/utils-merge-1.0.1.tgz. Extracting by manifest.
1003 silly tarball no local data for type-is@https://registry.npmjs.org/type-is/-/type-is-1.6.18.tgz. Extracting by manifest.
1004 silly tarball no local data for statuses@https://registry.npmjs.org/statuses/-/statuses-2.0.2.tgz. Extracting by manifest.
1005 silly tarball no local data for setprototypeof@https://registry.npmjs.org/setprototypeof/-/setprototypeof-1.2.0.tgz. Extracting by manifest.
1006 silly tarball no local data for serve-static@https://registry.npmjs.org/serve-static/-/serve-static-1.16.3.tgz. Extracting by manifest.
1007 silly tarball no local data for send@https://registry.npmjs.org/send/-/send-0.19.2.tgz. Extracting by manifest.
1008 silly tarball no local data for safe-buffer@https://registry.npmjs.org/safe-buffer/-/safe-buffer-5.2.1.tgz. Extracting by manifest.
1009 silly tarball no local data for range-parser@https://registry.npmjs.org/range-parser/-/range-parser-1.2.1.tgz. Extracting by manifest.
1010 silly tarball no local data for proxy-addr@https://registry.npmjs.org/proxy-addr/-/proxy-addr-2.0.7.tgz. Extracting by manifest.
1011 silly tarball no local data for qs@https://registry.npmjs.org/qs/-/qs-6.14.2.tgz. Extracting by manifest.
1012 silly tarball no local data for path-to-regexp@https://registry.npmjs.org/path-to-regexp/-/path-to-regexp-0.1.13.tgz. Extracting by manifest.
1013 silly tarball no local data for parseurl@https://registry.npmjs.org/parseurl/-/parseurl-1.3.3.tgz. Extracting by manifest.
1014 silly tarball no local data for on-finished@https://registry.npmjs.org/on-finished/-/on-finished-2.4.1.tgz. Extracting by manifest.
1015 silly tarball no local data for methods@https://registry.npmjs.org/methods/-/methods-1.1.2.tgz. Extracting by manifest.
1016 silly tarball no local data for merge-descriptors@https://registry.npmjs.org/merge-descriptors/-/merge-descriptors-1.0.3.tgz. Extracting by manifest.
1017 silly tarball no local data for http-errors@https://registry.npmjs.org/http-errors/-/http-errors-2.0.1.tgz. Extracting by manifest.
1018 silly tarball no local data for fresh@https://registry.npmjs.org/fresh/-/fresh-0.5.2.tgz. Extracting by manifest.
1019 silly tarball no local data for finalhandler@https://registry.npmjs.org/finalhandler/-/finalhandler-1.3.2.tgz. Extracting by manifest.
1020 silly tarball no local data for etag@https://registry.npmjs.org/etag/-/etag-1.8.1.tgz. Extracting by manifest.
1021 silly tarball no local data for escape-html@https://registry.npmjs.org/escape-html/-/escape-html-1.0.3.tgz. Extracting by manifest.
1022 silly tarball no local data for encodeurl@https://registry.npmjs.org/encodeurl/-/encodeurl-2.0.0.tgz. Extracting by manifest.
1023 silly tarball no local data for depd@https://registry.npmjs.org/depd/-/depd-2.0.0.tgz. Extracting by manifest.
1024 silly tarball no local data for debug@https://registry.npmjs.org/debug/-/debug-2.6.9.tgz. Extracting by manifest.
1025 silly tarball no local data for cookie-signature@https://registry.npmjs.org/cookie-signature/-/cookie-signature-1.0.7.tgz. Extracting by manifest.
1026 silly tarball no local data for cookie@https://registry.npmjs.org/cookie/-/cookie-0.7.2.tgz. Extracting by manifest.
1027 silly tarball no local data for content-type@https://registry.npmjs.org/content-type/-/content-type-1.0.5.tgz. Extracting by manifest.
1028 silly tarball no local data for content-disposition@https://registry.npmjs.org/content-disposition/-/content-disposition-0.5.4.tgz. Extracting by manifest.
1029 silly tarball no local data for body-parser@https://registry.npmjs.org/body-parser/-/body-parser-1.20.4.tgz. Extracting by manifest.
1030 silly tarball no local data for array-flatten@https://registry.npmjs.org/array-flatten/-/array-flatten-1.1.1.tgz. Extracting by manifest.
1031 silly tarball no local data for source-map@https://registry.npmjs.org/source-map/-/source-map-0.6.1.tgz. Extracting by manifest.
1032 silly tarball no local data for accepts@https://registry.npmjs.org/accepts/-/accepts-1.3.8.tgz. Extracting by manifest.
1033 silly tarball no local data for esutils@https://registry.npmjs.org/esutils/-/esutils-2.0.3.tgz. Extracting by manifest.
1034 silly tarball no local data for estraverse@https://registry.npmjs.org/estraverse/-/estraverse-5.3.0.tgz. Extracting by manifest.
1035 silly tarball no local data for zrender@https://registry.npmjs.org/zrender/-/zrender-6.0.0.tgz. Extracting by manifest.
1036 silly tarball no local data for esprima@https://registry.npmjs.org/esprima/-/esprima-4.0.1.tgz. Extracting by manifest.
1037 silly tarball no local data for tslib@https://registry.npmjs.org/tslib/-/tslib-2.3.0.tgz. Extracting by manifest.
1038 silly tarball no local data for robust-predicates@https://registry.npmjs.org/robust-predicates/-/robust-predicates-3.0.3.tgz. Extracting by manifest.
1039 silly tarball no local data for rw@https://registry.npmjs.org/rw/-/rw-1.3.3.tgz. Extracting by manifest.
1040 silly tarball no local data for commander@https://registry.npmjs.org/commander/-/commander-7.2.0.tgz. Extracting by manifest.
1041 silly tarball no local data for delaunator@https://registry.npmjs.org/delaunator/-/delaunator-5.1.0.tgz. Extracting by manifest.
1042 silly tarball no local data for internmap@https://registry.npmjs.org/internmap/-/internmap-2.0.3.tgz. Extracting by manifest.
1043 silly tarball no local data for d3-zoom@https://registry.npmjs.org/d3-zoom/-/d3-zoom-3.0.0.tgz. Extracting by manifest.
1044 silly tarball no local data for d3-transition@https://registry.npmjs.org/d3-transition/-/d3-transition-3.0.1.tgz. Extracting by manifest.
1045 silly tarball no local data for d3-timer@https://registry.npmjs.org/d3-timer/-/d3-timer-3.0.1.tgz. Extracting by manifest.
1046 silly tarball no local data for d3-time-format@https://registry.npmjs.org/d3-time-format/-/d3-time-format-4.1.0.tgz. Extracting by manifest.
1047 silly tarball no local data for d3-time@https://registry.npmjs.org/d3-time/-/d3-time-3.1.0.tgz. Extracting by manifest.
1048 silly tarball no local data for d3-shape@https://registry.npmjs.org/d3-shape/-/d3-shape-3.2.0.tgz. Extracting by manifest.
1049 silly tarball no local data for d3-selection@https://registry.npmjs.org/d3-selection/-/d3-selection-3.0.0.tgz. Extracting by manifest.
1050 silly tarball no local data for d3-scale-chromatic@https://registry.npmjs.org/d3-scale-chromatic/-/d3-scale-chromatic-3.1.0.tgz. Extracting by manifest.
1051 silly tarball no local data for d3-scale@https://registry.npmjs.org/d3-scale/-/d3-scale-4.0.2.tgz. Extracting by manifest.
1052 silly tarball no local data for d3-random@https://registry.npmjs.org/d3-random/-/d3-random-3.0.1.tgz. Extracting by manifest.
1053 silly tarball no local data for d3-quadtree@https://registry.npmjs.org/d3-quadtree/-/d3-quadtree-3.0.1.tgz. Extracting by manifest.
1054 silly tarball no local data for d3-polygon@https://registry.npmjs.org/d3-polygon/-/d3-polygon-3.0.1.tgz. Extracting by manifest.
1055 silly tarball no local data for d3-path@https://registry.npmjs.org/d3-path/-/d3-path-3.1.0.tgz. Extracting by manifest.
1056 silly tarball no local data for d3-interpolate@https://registry.npmjs.org/d3-interpolate/-/d3-interpolate-3.0.1.tgz. Extracting by manifest.
1057 silly tarball no local data for d3-hierarchy@https://registry.npmjs.org/d3-hierarchy/-/d3-hierarchy-3.1.2.tgz. Extracting by manifest.
1058 silly tarball no local data for d3-geo@https://registry.npmjs.org/d3-geo/-/d3-geo-3.1.1.tgz. Extracting by manifest.
1059 silly tarball no local data for d3-format@https://registry.npmjs.org/d3-format/-/d3-format-3.1.2.tgz. Extracting by manifest.
1060 silly tarball no local data for d3-force@https://registry.npmjs.org/d3-force/-/d3-force-3.0.0.tgz. Extracting by manifest.
1061 silly tarball no local data for d3-fetch@https://registry.npmjs.org/d3-fetch/-/d3-fetch-3.0.1.tgz. Extracting by manifest.
1062 silly tarball no local data for d3-ease@https://registry.npmjs.org/d3-ease/-/d3-ease-3.0.1.tgz. Extracting by manifest.
1063 silly tarball no local data for d3-dsv@https://registry.npmjs.org/d3-dsv/-/d3-dsv-3.0.1.tgz. Extracting by manifest.
1064 silly tarball no local data for d3-drag@https://registry.npmjs.org/d3-drag/-/d3-drag-3.0.0.tgz. Extracting by manifest.
1065 silly tarball no local data for d3-dispatch@https://registry.npmjs.org/d3-dispatch/-/d3-dispatch-3.0.1.tgz. Extracting by manifest.
1066 silly tarball no local data for d3-delaunay@https://registry.npmjs.org/d3-delaunay/-/d3-delaunay-6.0.4.tgz. Extracting by manifest.
1067 silly tarball no local data for d3-contour@https://registry.npmjs.org/d3-contour/-/d3-contour-4.0.2.tgz. Extracting by manifest.
1068 silly tarball no local data for d3-color@https://registry.npmjs.org/d3-color/-/d3-color-3.1.0.tgz. Extracting by manifest.
1069 silly tarball no local data for d3-chord@https://registry.npmjs.org/d3-chord/-/d3-chord-3.0.1.tgz. Extracting by manifest.
1070 silly tarball no local data for d3-brush@https://registry.npmjs.org/d3-brush/-/d3-brush-3.0.0.tgz. Extracting by manifest.
1071 silly tarball no local data for d3-axis@https://registry.npmjs.org/d3-axis/-/d3-axis-3.0.0.tgz. Extracting by manifest.
1072 silly tarball no local data for d3-array@https://registry.npmjs.org/d3-array/-/d3-array-3.2.4.tgz. Extracting by manifest.
1073 silly tarball no local data for proxy-from-env@https://registry.npmjs.org/proxy-from-env/-/proxy-from-env-2.1.0.tgz. Extracting by manifest.
1074 silly tarball no local data for form-data@https://registry.npmjs.org/form-data/-/form-data-4.0.5.tgz. Extracting by manifest.
1075 silly tarball no local data for vue@https://registry.npmjs.org/vue/-/vue-3.5.32.tgz. Extracting by manifest.
1076 silly tarball no local data for follow-redirects@https://registry.npmjs.org/follow-redirects/-/follow-redirects-1.16.0.tgz. Extracting by manifest.
1077 silly tarball no local data for socket.io@https://registry.npmjs.org/socket.io/-/socket.io-4.8.3.tgz. Extracting by manifest.
1078 silly tarball no local data for lodash.merge@https://registry.npmjs.org/lodash.merge/-/lodash.merge-4.6.2.tgz. Extracting by manifest.
1079 silly tarball no local data for express@https://registry.npmjs.org/express/-/express-4.22.1.tgz. Extracting by manifest.
1080 silly tarball no local data for escodegen@https://registry.npmjs.org/escodegen/-/escodegen-2.1.0.tgz. Extracting by manifest.
1081 silly tarball no local data for echarts@https://registry.npmjs.org/echarts/-/echarts-6.0.0.tgz. Extracting by manifest.
1082 silly tarball no local data for d3@https://registry.npmjs.org/d3/-/d3-7.9.0.tgz. Extracting by manifest.
1083 silly tarball no local data for core-js@https://registry.npmjs.org/core-js/-/core-js-3.49.0.tgz. Extracting by manifest.
1084 silly tarball no local data for axios@https://registry.npmjs.org/axios/-/axios-1.15.0.tgz. Extracting by manifest.
1085 silly tarball no local data for acorn@https://registry.npmjs.org/acorn/-/acorn-8.16.0.tgz. Extracting by manifest.
1086 silly tarball no local data for @flowfuse/node-red-dashboard@https://registry.npmjs.org/@flowfuse/node-red-dashboard/-/node-red-dashboard-1.30.2.tgz. Extracting by manifest.
1087 silly tarball no local data for ms@https://registry.npmjs.org/ms/-/ms-2.1.3.tgz. Extracting by manifest.
1088 silly tarball no local data for debug@https://registry.npmjs.org/debug/-/debug-4.4.3.tgz. Extracting by manifest.
1089 silly tarball no local data for ms@https://registry.npmjs.org/ms/-/ms-2.1.3.tgz. Extracting by manifest.
1090 silly tarball no local data for debug@https://registry.npmjs.org/debug/-/debug-4.4.3.tgz. Extracting by manifest.
1091 silly tarball no local data for ms@https://registry.npmjs.org/ms/-/ms-2.1.3.tgz. Extracting by manifest.
1092 silly tarball no local data for debug@https://registry.npmjs.org/debug/-/debug-4.4.3.tgz. Extracting by manifest.
1093 silly tarball no local data for iconv-lite@https://registry.npmjs.org/iconv-lite/-/iconv-lite-0.4.24.tgz. Extracting by manifest.
1094 silly tarball no local data for ms@https://registry.npmjs.org/ms/-/ms-2.1.3.tgz. Extracting by manifest.
1095 silly tarball no local data for iconv-lite@https://registry.npmjs.org/iconv-lite/-/iconv-lite-0.4.24.tgz. Extracting by manifest.
1096 silly tarball no local data for iconv-lite@https://registry.npmjs.org/iconv-lite/-/iconv-lite-0.6.3.tgz. Extracting by manifest.
1097 silly tarball no local data for ms@https://registry.npmjs.org/ms/-/ms-2.1.3.tgz. Extracting by manifest.
1098 silly tarball no local data for debug@https://registry.npmjs.org/debug/-/debug-4.4.3.tgz. Extracting by manifest.
1099 http fetch GET 200 https://registry.npmjs.org/picocolors/-/picocolors-1.1.1.tgz 1072ms (cache miss)
1100 http fetch GET 200 https://registry.npmjs.org/nanoid/-/nanoid-3.3.11.tgz 1103ms (cache miss)
1101 http fetch GET 200 https://registry.npmjs.org/@jridgewell/sourcemap-codec/-/sourcemap-codec-1.5.5.tgz 1124ms (cache miss)
1102 http fetch GET 200 https://registry.npmjs.org/postcss/-/postcss-8.5.9.tgz 1143ms (cache miss)
1103 http fetch GET 200 https://registry.npmjs.org/csstype/-/csstype-3.2.3.tgz 1171ms (cache miss)
1104 http fetch GET 200 https://registry.npmjs.org/@vue/reactivity/-/reactivity-3.5.32.tgz 1395ms (cache miss)
1105 http fetch GET 200 https://registry.npmjs.org/@vue/shared/-/shared-3.5.32.tgz 1422ms (cache miss)
1106 http fetch GET 200 https://registry.npmjs.org/@vue/compiler-core/-/compiler-core-3.5.32.tgz 1669ms (cache miss)
1107 http fetch GET 200 https://registry.npmjs.org/@vue/runtime-core/-/runtime-core-3.5.32.tgz 1742ms (cache miss)
1108 http fetch GET 200 https://registry.npmjs.org/@vue/server-renderer/-/server-renderer-3.5.32.tgz 1892ms (cache miss)
1109 http fetch GET 200 https://registry.npmjs.org/estree-walker/-/estree-walker-2.0.2.tgz 1957ms (cache miss)
1110 http fetch GET 200 https://registry.npmjs.org/@socket.io/component-emitter/-/component-emitter-3.1.2.tgz 2056ms (cache miss)
1111 http fetch GET 200 https://registry.npmjs.org/engine.io-parser/-/engine.io-parser-5.2.3.tgz 2171ms (cache miss)
1112 http fetch GET 200 https://registry.npmjs.org/@babel/helper-string-parser/-/helper-string-parser-7.27.1.tgz 2279ms (cache miss)
1113 http fetch GET 200 https://registry.npmjs.org/source-map-js/-/source-map-js-1.2.1.tgz 2288ms (cache miss)
1114 http fetch GET 200 https://registry.npmjs.org/@types/ws/-/ws-8.18.1.tgz 2403ms (cache miss)
1115 http fetch GET 200 https://registry.npmjs.org/magic-string/-/magic-string-0.30.21.tgz 2473ms (cache miss)
1116 http fetch GET 200 https://registry.npmjs.org/@babel/helper-validator-identifier/-/helper-validator-identifier-7.28.5.tgz 2483ms (cache miss)
1117 http fetch GET 200 https://registry.npmjs.org/cors/-/cors-2.8.6.tgz 2586ms (cache miss)
1118 http fetch GET 200 https://registry.npmjs.org/object-assign/-/object-assign-4.1.1.tgz 2605ms (cache miss)
1119 http fetch GET 200 https://registry.npmjs.org/socket.io-adapter/-/socket.io-adapter-2.5.6.tgz 2637ms (cache miss)
1120 http fetch GET 200 https://registry.npmjs.org/ws/-/ws-8.18.3.tgz 2673ms (cache miss)
1121 http fetch GET 200 https://registry.npmjs.org/socket.io-parser/-/socket.io-parser-4.2.6.tgz 2741ms (cache miss)
1122 http fetch GET 200 https://registry.npmjs.org/@babel/parser/-/parser-7.29.2.tgz 2887ms (cache miss)
1123 http fetch GET 200 https://registry.npmjs.org/media-typer/-/media-typer-0.3.0.tgz 2865ms (cache miss)
1124 http fetch GET 200 https://registry.npmjs.org/side-channel-weakmap/-/side-channel-weakmap-1.0.2.tgz 2835ms (cache miss)
1125 http fetch GET 200 https://registry.npmjs.org/@vue/compiler-sfc/-/compiler-sfc-3.5.32.tgz 2880ms (cache miss)
1126 http fetch GET 200 https://registry.npmjs.org/base64id/-/base64id-2.0.0.tgz 2850ms (cache miss)
1127 http fetch GET 200 https://registry.npmjs.org/side-channel-list/-/side-channel-list-1.0.1.tgz 2844ms (cache miss)
1128 http fetch GET 200 https://registry.npmjs.org/side-channel-map/-/side-channel-map-1.0.1.tgz 2849ms (cache miss)
1129 http fetch GET 200 https://registry.npmjs.org/mime/-/mime-1.6.0.tgz 2849ms (cache miss)
1130 http fetch GET 200 https://registry.npmjs.org/call-bound/-/call-bound-1.0.4.tgz 2871ms (cache miss)
1131 http fetch GET 200 https://registry.npmjs.org/@vue/compiler-dom/-/compiler-dom-3.5.32.tgz 3079ms (cache miss)
1132 http fetch GET 200 https://registry.npmjs.org/engine.io/-/engine.io-6.6.6.tgz 3057ms (cache miss)
1133 http fetch GET 200 https://registry.npmjs.org/toidentifier/-/toidentifier-1.0.1.tgz 3031ms (cache miss)
1134 http fetch GET 200 https://registry.npmjs.org/inherits/-/inherits-2.0.4.tgz 3097ms (cache miss)
1135 http fetch GET 200 https://registry.npmjs.org/side-channel/-/side-channel-1.1.0.tgz 3113ms (cache miss)
1136 http fetch GET 200 https://registry.npmjs.org/ee-first/-/ee-first-1.1.1.tgz 3138ms (cache miss)
1137 http fetch GET 200 https://registry.npmjs.org/forwarded/-/forwarded-0.2.0.tgz 3153ms (cache miss)
1138 http fetch GET 200 https://registry.npmjs.org/dunder-proto/-/dunder-proto-1.0.1.tgz 3155ms (cache miss)
1139 http fetch GET 200 https://registry.npmjs.org/gopd/-/gopd-1.2.0.tgz 3140ms (cache miss)
1140 http fetch GET 200 https://registry.npmjs.org/mime-db/-/mime-db-1.52.0.tgz 3202ms (cache miss)
1141 http fetch GET 200 https://registry.npmjs.org/object-inspect/-/object-inspect-1.13.4.tgz 3225ms (cache miss)
1142 http fetch GET 200 https://registry.npmjs.org/has-symbols/-/has-symbols-1.1.0.tgz 3230ms (cache miss)
1143 http fetch GET 200 https://registry.npmjs.org/ipaddr.js/-/ipaddr.js-1.9.1.tgz 3248ms (cache miss)
1144 http fetch GET 200 https://registry.npmjs.org/function-bind/-/function-bind-1.1.2.tgz 3299ms (cache miss)
1145 http fetch GET 200 https://registry.npmjs.org/call-bind-apply-helpers/-/call-bind-apply-helpers-1.0.2.tgz 3341ms (cache miss)
1146 http fetch GET 200 https://registry.npmjs.org/es-define-property/-/es-define-property-1.0.1.tgz 3352ms (cache miss)
1147 http fetch GET 200 https://registry.npmjs.org/get-proto/-/get-proto-1.0.1.tgz 3359ms (cache miss)
1148 http fetch GET 200 https://registry.npmjs.org/combined-stream/-/combined-stream-1.0.8.tgz 3342ms (cache miss)
1149 http fetch GET 200 https://registry.npmjs.org/es-object-atoms/-/es-object-atoms-1.1.1.tgz 3367ms (cache miss)
1150 http fetch GET 200 https://registry.npmjs.org/delayed-stream/-/delayed-stream-1.0.0.tgz 3359ms (cache miss)
1151 http fetch GET 200 https://registry.npmjs.org/hasown/-/hasown-2.0.2.tgz 3358ms (cache miss)
1152 http fetch GET 200 https://registry.npmjs.org/get-intrinsic/-/get-intrinsic-1.3.0.tgz 3386ms (cache miss)
1153 http fetch GET 200 https://registry.npmjs.org/es-set-tostringtag/-/es-set-tostringtag-2.1.0.tgz 3377ms (cache miss)
1154 http fetch GET 200 https://registry.npmjs.org/@vue/compiler-ssr/-/compiler-ssr-3.5.32.tgz 3539ms (cache miss)
1155 http fetch GET 200 https://registry.npmjs.org/has-tostringtag/-/has-tostringtag-1.0.2.tgz 3431ms (cache miss)
1156 http fetch GET 200 https://registry.npmjs.org/destroy/-/destroy-1.2.0.tgz 3411ms (cache miss)
1157 http fetch GET 200 https://registry.npmjs.org/@types/cors/-/cors-2.8.19.tgz 3536ms (cache miss)
1158 http fetch GET 200 https://registry.npmjs.org/es-errors/-/es-errors-1.3.0.tgz 3457ms (cache miss)
1159 http fetch GET 200 https://registry.npmjs.org/ms/-/ms-2.0.0.tgz 3444ms (cache miss)
1160 http fetch GET 200 https://registry.npmjs.org/raw-body/-/raw-body-2.5.3.tgz 3439ms (cache miss)
1161 http fetch GET 200 https://registry.npmjs.org/type-is/-/type-is-1.6.18.tgz 3427ms (cache miss)
1162 http fetch GET 200 https://registry.npmjs.org/utils-merge/-/utils-merge-1.0.1.tgz 3431ms (cache miss)
1163 http fetch GET 200 https://registry.npmjs.org/math-intrinsics/-/math-intrinsics-1.1.0.tgz 3536ms (cache miss)
1164 http fetch GET 200 https://registry.npmjs.org/bytes/-/bytes-3.1.2.tgz 3481ms (cache miss)
1165 http fetch GET 200 https://registry.npmjs.org/mime-types/-/mime-types-2.1.35.tgz 3478ms (cache miss)
1166 http fetch GET 200 https://registry.npmjs.org/statuses/-/statuses-2.0.2.tgz 3468ms (cache miss)
1167 http fetch GET 200 https://registry.npmjs.org/unpipe/-/unpipe-1.0.0.tgz 3504ms (cache miss)
1168 http fetch GET 200 https://registry.npmjs.org/negotiator/-/negotiator-0.6.3.tgz 3530ms (cache miss)
1169 http fetch GET 200 https://registry.npmjs.org/vary/-/vary-1.1.2.tgz 3526ms (cache miss)
1170 http fetch GET 200 https://registry.npmjs.org/setprototypeof/-/setprototypeof-1.2.0.tgz 3521ms (cache miss)
1171 http fetch GET 200 https://registry.npmjs.org/safe-buffer/-/safe-buffer-5.2.1.tgz 3529ms (cache miss)
1172 http fetch GET 200 https://registry.npmjs.org/range-parser/-/range-parser-1.2.1.tgz 3558ms (cache miss)
1173 http fetch GET 200 https://registry.npmjs.org/proxy-addr/-/proxy-addr-2.0.7.tgz 3600ms (cache miss)
1174 http fetch GET 200 https://registry.npmjs.org/path-to-regexp/-/path-to-regexp-0.1.13.tgz 3609ms (cache miss)
1175 http fetch GET 200 https://registry.npmjs.org/parseurl/-/parseurl-1.3.3.tgz 3609ms (cache miss)
1176 http fetch GET 200 https://registry.npmjs.org/fresh/-/fresh-0.5.2.tgz 3594ms (cache miss)
1177 http fetch GET 200 https://registry.npmjs.org/serve-static/-/serve-static-1.16.3.tgz 3639ms (cache miss)
1178 http fetch GET 200 https://registry.npmjs.org/merge-descriptors/-/merge-descriptors-1.0.3.tgz 3604ms (cache miss)
1179 http fetch GET 200 https://registry.npmjs.org/on-finished/-/on-finished-2.4.1.tgz 3623ms (cache miss)
1180 http fetch GET 200 https://registry.npmjs.org/methods/-/methods-1.1.2.tgz 3618ms (cache miss)
1181 http fetch GET 200 https://registry.npmjs.org/asynckit/-/asynckit-0.4.0.tgz 3689ms (cache miss)
1182 http fetch GET 200 https://registry.npmjs.org/http-errors/-/http-errors-2.0.1.tgz 3619ms (cache miss)
1183 http fetch GET 200 https://registry.npmjs.org/send/-/send-0.19.2.tgz 3660ms (cache miss)
1184 http fetch GET 200 https://registry.npmjs.org/encodeurl/-/encodeurl-2.0.0.tgz 3612ms (cache miss)
1185 http fetch GET 200 https://registry.npmjs.org/escape-html/-/escape-html-1.0.3.tgz 3625ms (cache miss)
1186 http fetch GET 200 https://registry.npmjs.org/finalhandler/-/finalhandler-1.3.2.tgz 3644ms (cache miss)
1187 http fetch GET 200 https://registry.npmjs.org/etag/-/etag-1.8.1.tgz 3643ms (cache miss)
1188 http fetch GET 200 https://registry.npmjs.org/cookie-signature/-/cookie-signature-1.0.7.tgz 3634ms (cache miss)
1189 http fetch GET 200 https://registry.npmjs.org/cookie/-/cookie-0.7.2.tgz 3640ms (cache miss)
1190 http fetch GET 200 https://registry.npmjs.org/@babel/types/-/types-7.29.0.tgz 3939ms (cache miss)
1191 http fetch GET 200 https://registry.npmjs.org/debug/-/debug-2.6.9.tgz 3734ms (cache miss)
1192 http fetch GET 200 https://registry.npmjs.org/depd/-/depd-2.0.0.tgz 3740ms (cache miss)
1193 http fetch GET 200 https://registry.npmjs.org/@vue/runtime-dom/-/runtime-dom-3.5.32.tgz 3970ms (cache miss)
1194 http fetch GET 200 https://registry.npmjs.org/qs/-/qs-6.14.2.tgz 3817ms (cache miss)
1195 http fetch GET 200 https://registry.npmjs.org/array-flatten/-/array-flatten-1.1.1.tgz 3779ms (cache miss)
1196 http fetch GET 200 https://registry.npmjs.org/content-disposition/-/content-disposition-0.5.4.tgz 3793ms (cache miss)
1197 http fetch GET 200 https://registry.npmjs.org/accepts/-/accepts-1.3.8.tgz 3787ms (cache miss)
1198 http fetch GET 200 https://registry.npmjs.org/content-type/-/content-type-1.0.5.tgz 3806ms (cache miss)
1199 http fetch GET 200 https://registry.npmjs.org/body-parser/-/body-parser-1.20.4.tgz 3804ms (cache miss)
1200 http fetch GET 200 https://registry.npmjs.org/tslib/-/tslib-2.3.0.tgz 3822ms (cache miss)
1201 http fetch GET 200 https://registry.npmjs.org/esutils/-/esutils-2.0.3.tgz 3837ms (cache miss)
1202 http fetch GET 200 https://registry.npmjs.org/estraverse/-/estraverse-5.3.0.tgz 3838ms (cache miss)
1203 http fetch GET 200 https://registry.npmjs.org/entities/-/entities-7.0.1.tgz 4115ms (cache miss)
1204 http fetch GET 200 https://registry.npmjs.org/rw/-/rw-1.3.3.tgz 3860ms (cache miss)
1205 http fetch GET 200 https://registry.npmjs.org/commander/-/commander-7.2.0.tgz 3873ms (cache miss)
1206 http fetch GET 200 https://registry.npmjs.org/robust-predicates/-/robust-predicates-3.0.3.tgz 3924ms (cache miss)
1207 http fetch GET 200 https://registry.npmjs.org/delaunator/-/delaunator-5.1.0.tgz 4016ms (cache miss)
1208 http fetch GET 200 https://registry.npmjs.org/source-map/-/source-map-0.6.1.tgz 4081ms (cache miss)
1209 http fetch GET 200 https://registry.npmjs.org/esprima/-/esprima-4.0.1.tgz 4083ms (cache miss)
1210 http fetch GET 200 https://registry.npmjs.org/d3-zoom/-/d3-zoom-3.0.0.tgz 4088ms (cache miss)
1211 http fetch GET 200 https://registry.npmjs.org/d3-path/-/d3-path-3.1.0.tgz 4102ms (cache miss)
1212 http fetch GET 200 https://registry.npmjs.org/d3-polygon/-/d3-polygon-3.0.1.tgz 4108ms (cache miss)
1213 http fetch GET 200 https://registry.npmjs.org/d3-transition/-/d3-transition-3.0.1.tgz 4139ms (cache miss)
1214 http fetch GET 200 https://registry.npmjs.org/d3-quadtree/-/d3-quadtree-3.0.1.tgz 4124ms (cache miss)
1215 http fetch GET 200 https://registry.npmjs.org/d3-random/-/d3-random-3.0.1.tgz 4291ms (cache miss)
1216 http fetch GET 200 https://registry.npmjs.org/d3-selection/-/d3-selection-3.0.0.tgz 4388ms (cache miss)
1217 http fetch GET 200 https://registry.npmjs.org/d3-scale-chromatic/-/d3-scale-chromatic-3.1.0.tgz 4387ms (cache miss)
1218 http fetch GET 200 https://registry.npmjs.org/d3-format/-/d3-format-3.1.2.tgz 4389ms (cache miss)
1219 http fetch GET 200 https://registry.npmjs.org/d3-timer/-/d3-timer-3.0.1.tgz 4473ms (cache miss)
1220 http fetch GET 200 https://registry.npmjs.org/internmap/-/internmap-2.0.3.tgz 4515ms (cache miss)
1221 http fetch GET 200 https://registry.npmjs.org/d3-fetch/-/d3-fetch-3.0.1.tgz 4472ms (cache miss)
1222 http fetch GET 200 https://registry.npmjs.org/d3-dispatch/-/d3-dispatch-3.0.1.tgz 4462ms (cache miss)
1223 http fetch GET 200 https://registry.npmjs.org/d3-drag/-/d3-drag-3.0.0.tgz 4484ms (cache miss)
1224 http fetch GET 200 https://registry.npmjs.org/d3-dsv/-/d3-dsv-3.0.1.tgz 4490ms (cache miss)
1225 http fetch GET 200 https://registry.npmjs.org/d3-scale/-/d3-scale-4.0.2.tgz 4553ms (cache miss)
1226 http fetch GET 200 https://registry.npmjs.org/d3-chord/-/d3-chord-3.0.1.tgz 4526ms (cache miss)
1227 http fetch GET 200 https://registry.npmjs.org/d3-contour/-/d3-contour-4.0.2.tgz 4532ms (cache miss)
1228 http fetch GET 200 https://registry.npmjs.org/d3-force/-/d3-force-3.0.0.tgz 4560ms (cache miss)
1229 http fetch GET 200 https://registry.npmjs.org/d3-color/-/d3-color-3.1.0.tgz 4550ms (cache miss)
1230 http fetch GET 200 https://registry.npmjs.org/d3-axis/-/d3-axis-3.0.0.tgz 4534ms (cache miss)
1231 http fetch GET 200 https://registry.npmjs.org/d3-time/-/d3-time-3.1.0.tgz 4604ms (cache miss)
1232 http fetch GET 200 https://registry.npmjs.org/form-data/-/form-data-4.0.5.tgz 4547ms (cache miss)
1233 http fetch GET 200 https://registry.npmjs.org/proxy-from-env/-/proxy-from-env-2.1.0.tgz 4554ms (cache miss)
1234 http fetch GET 200 https://registry.npmjs.org/d3-brush/-/d3-brush-3.0.0.tgz 4566ms (cache miss)
1235 http fetch GET 200 https://registry.npmjs.org/follow-redirects/-/follow-redirects-1.16.0.tgz 4550ms (cache miss)
1236 http fetch GET 200 https://registry.npmjs.org/d3-ease/-/d3-ease-3.0.1.tgz 4614ms (cache miss)
1237 http fetch GET 200 https://registry.npmjs.org/d3-delaunay/-/d3-delaunay-6.0.4.tgz 4612ms (cache miss)
1238 http fetch GET 200 https://registry.npmjs.org/lodash.merge/-/lodash.merge-4.6.2.tgz 4582ms (cache miss)
1239 http fetch GET 200 https://registry.npmjs.org/d3-shape/-/d3-shape-3.2.0.tgz 4680ms (cache miss)
1240 http fetch GET 200 https://registry.npmjs.org/d3-interpolate/-/d3-interpolate-3.0.1.tgz 4668ms (cache miss)
1241 http fetch GET 200 https://registry.npmjs.org/d3-hierarchy/-/d3-hierarchy-3.1.2.tgz 4679ms (cache miss)
1242 http fetch GET 200 https://registry.npmjs.org/d3-geo/-/d3-geo-3.1.1.tgz 4731ms (cache miss)
1243 http fetch GET 200 https://registry.npmjs.org/d3-array/-/d3-array-3.2.4.tgz 4693ms (cache miss)
1244 http fetch GET 200 https://registry.npmjs.org/ms/-/ms-2.1.3.tgz 5145ms (cache miss)
1245 http fetch GET 200 https://registry.npmjs.org/express/-/express-4.22.1.tgz 5218ms (cache miss)
1246 http fetch GET 200 https://registry.npmjs.org/ms/-/ms-2.1.3.tgz 5451ms (cache miss)
1247 http fetch GET 200 https://registry.npmjs.org/debug/-/debug-4.4.3.tgz 5458ms (cache miss)
1248 http fetch GET 200 https://registry.npmjs.org/zrender/-/zrender-6.0.0.tgz 5628ms (cache miss)
1249 http fetch GET 200 https://registry.npmjs.org/debug/-/debug-4.4.3.tgz 5685ms (cache miss)
1250 http fetch GET 200 https://registry.npmjs.org/ms/-/ms-2.1.3.tgz 5690ms (cache miss)
1251 http fetch GET 200 https://registry.npmjs.org/ms/-/ms-2.1.3.tgz 5681ms (cache miss)
1252 http fetch GET 200 https://registry.npmjs.org/d3-time-format/-/d3-time-format-4.1.0.tgz 6166ms (cache miss)
1253 http fetch GET 200 https://registry.npmjs.org/debug/-/debug-4.4.3.tgz 6089ms (cache miss)
1254 http fetch GET 200 https://registry.npmjs.org/escodegen/-/escodegen-2.1.0.tgz 6146ms (cache miss)
1255 http fetch GET 200 https://registry.npmjs.org/vue/-/vue-3.5.32.tgz 6263ms (cache miss)
1256 http fetch GET 200 https://registry.npmjs.org/debug/-/debug-4.4.3.tgz 6253ms (cache miss)
1257 http fetch GET 200 https://registry.npmjs.org/iconv-lite/-/iconv-lite-0.4.24.tgz 6293ms (cache miss)
1258 http fetch GET 200 https://registry.npmjs.org/iconv-lite/-/iconv-lite-0.4.24.tgz 6298ms (cache miss)
1259 http fetch GET 200 https://registry.npmjs.org/socket.io/-/socket.io-4.8.3.tgz 6767ms (cache miss)
1260 http fetch GET 200 https://registry.npmjs.org/ms/-/ms-2.1.3.tgz 6897ms (cache miss)
1261 http fetch GET 200 https://registry.npmjs.org/axios/-/axios-1.15.0.tgz 7336ms (cache miss)
1262 http fetch GET 200 https://registry.npmjs.org/acorn/-/acorn-8.16.0.tgz 8278ms (cache miss)
1263 http fetch GET 200 https://registry.npmjs.org/iconv-lite/-/iconv-lite-0.6.3.tgz 8416ms (cache miss)
1264 http fetch GET 200 https://registry.npmjs.org/d3/-/d3-7.9.0.tgz 8835ms (cache miss)
1265 http fetch GET 200 https://registry.npmjs.org/@flowfuse/node-red-dashboard/-/node-red-dashboard-1.30.2.tgz 13729ms (cache miss)
1266 http fetch GET 200 https://registry.npmjs.org/core-js/-/core-js-3.49.0.tgz 14444ms (cache miss)
1267 http fetch GET 200 https://registry.npmjs.org/echarts/-/echarts-6.0.0.tgz 20208ms (cache miss)
1268 info run core-js@3.49.0 postinstall node_modules/core-js node -e "try{require('./postinstall')}catch(e){}"
1269 info run core-js@3.49.0 postinstall { code: 0, signal: null }
1270 silly ADD node_modules/picocolors
1271 silly ADD node_modules/nanoid
1272 silly ADD node_modules/@jridgewell/sourcemap-codec
1273 silly ADD node_modules/csstype
1274 silly ADD node_modules/@vue/runtime-core
1275 silly ADD node_modules/@vue/reactivity
1276 silly ADD node_modules/postcss
1277 silly ADD node_modules/magic-string
1278 silly ADD node_modules/@vue/compiler-ssr
1279 silly ADD node_modules/@babel/helper-validator-identifier
1280 silly ADD node_modules/@babel/helper-string-parser
1281 silly ADD node_modules/@babel/types
1282 silly ADD node_modules/source-map-js
1283 silly ADD node_modules/estree-walker
1284 silly ADD node_modules/entities
1285 silly ADD node_modules/@babel/parser
1286 silly ADD node_modules/@vue/compiler-core
1287 silly ADD node_modules/@vue/shared
1288 silly ADD node_modules/@vue/server-renderer
1289 silly ADD node_modules/@vue/runtime-dom
1290 silly ADD node_modules/@vue/compiler-sfc
1291 silly ADD node_modules/@vue/compiler-dom
1292 silly ADD node_modules/media-typer
1293 silly ADD node_modules/@socket.io/component-emitter
1294 silly ADD node_modules/ws
1295 silly ADD node_modules/engine.io-parser
1296 silly ADD node_modules/@types/ws
1297 silly ADD node_modules/@types/cors
1298 silly ADD node_modules/object-assign
1299 silly ADD node_modules/socket.io-parser
1300 silly ADD node_modules/socket.io-parser/node_modules/ms
1301 silly ADD node_modules/socket.io-parser/node_modules/debug
1302 silly ADD node_modules/socket.io-adapter
1303 silly ADD node_modules/socket.io-adapter/node_modules/ms
1304 silly ADD node_modules/socket.io-adapter/node_modules/debug
1305 silly ADD node_modules/engine.io
1306 silly ADD node_modules/engine.io/node_modules/ms
1307 silly ADD node_modules/engine.io/node_modules/debug
1308 silly ADD node_modules/cors
1309 silly ADD node_modules/base64id
1310 silly ADD node_modules/call-bound
1311 silly ADD node_modules/side-channel-weakmap
1312 silly ADD node_modules/side-channel-map
1313 silly ADD node_modules/side-channel-list
1314 silly ADD node_modules/object-inspect
1315 silly ADD node_modules/mime
1316 silly ADD node_modules/side-channel
1317 silly ADD node_modules/ipaddr.js
1318 silly ADD node_modules/forwarded
1319 silly ADD node_modules/ee-first
1320 silly ADD node_modules/mime-db
1321 silly ADD node_modules/toidentifier
1322 silly ADD node_modules/inherits
1323 silly ADD node_modules/dunder-proto
1324 silly ADD node_modules/math-intrinsics
1325 silly ADD node_modules/has-symbols
1326 silly ADD node_modules/gopd
1327 silly ADD node_modules/get-proto
1328 silly ADD node_modules/function-bind
1329 silly ADD node_modules/es-object-atoms
1330 silly ADD node_modules/es-define-property
1331 silly ADD node_modules/call-bind-apply-helpers
1332 silly ADD node_modules/has-tostringtag
1333 silly ADD node_modules/get-intrinsic
1334 silly ADD node_modules/es-errors
1335 silly ADD node_modules/delayed-stream
1336 silly ADD node_modules/hasown
1337 silly ADD node_modules/es-set-tostringtag
1338 silly ADD node_modules/combined-stream
1339 silly ADD node_modules/asynckit
1340 silly ADD node_modules/ms
1341 silly ADD node_modules/unpipe
1342 silly ADD node_modules/raw-body
1343 silly ADD node_modules/raw-body/node_modules/iconv-lite
1344 silly ADD node_modules/destroy
1345 silly ADD node_modules/bytes
1346 silly ADD node_modules/negotiator
1347 silly ADD node_modules/mime-types
1348 silly ADD node_modules/vary
1349 silly ADD node_modules/utils-merge
1350 silly ADD node_modules/type-is
1351 silly ADD node_modules/statuses
1352 silly ADD node_modules/setprototypeof
1353 silly ADD node_modules/serve-static
1354 silly ADD node_modules/send
1355 silly ADD node_modules/send/node_modules/ms
1356 silly ADD node_modules/safe-buffer
1357 silly ADD node_modules/range-parser
1358 silly ADD node_modules/qs
1359 silly ADD node_modules/proxy-addr
1360 silly ADD node_modules/path-to-regexp
1361 silly ADD node_modules/parseurl
1362 silly ADD node_modules/on-finished
1363 silly ADD node_modules/methods
1364 silly ADD node_modules/merge-descriptors
1365 silly ADD node_modules/http-errors
1366 silly ADD node_modules/fresh
1367 silly ADD node_modules/finalhandler
1368 silly ADD node_modules/etag
1369 silly ADD node_modules/escape-html
1370 silly ADD node_modules/encodeurl
1371 silly ADD node_modules/depd
1372 silly ADD node_modules/debug
1373 silly ADD node_modules/cookie-signature
1374 silly ADD node_modules/cookie
1375 silly ADD node_modules/content-type
1376 silly ADD node_modules/content-disposition
1377 silly ADD node_modules/body-parser
1378 silly ADD node_modules/body-parser/node_modules/iconv-lite
1379 silly ADD node_modules/array-flatten
1380 silly ADD node_modules/accepts
1381 silly ADD node_modules/source-map
1382 silly ADD node_modules/esutils
1383 silly ADD node_modules/estraverse
1384 silly ADD node_modules/esprima
1385 silly ADD node_modules/zrender
1386 silly ADD node_modules/tslib
1387 silly ADD node_modules/robust-predicates
1388 silly ADD node_modules/rw
1389 silly ADD node_modules/commander
1390 silly ADD node_modules/delaunator
1391 silly ADD node_modules/internmap
1392 silly ADD node_modules/d3-zoom
1393 silly ADD node_modules/d3-transition
1394 silly ADD node_modules/d3-timer
1395 silly ADD node_modules/d3-time-format
1396 silly ADD node_modules/d3-time
1397 silly ADD node_modules/d3-shape
1398 silly ADD node_modules/d3-selection
1399 silly ADD node_modules/d3-scale-chromatic
1400 silly ADD node_modules/d3-scale
1401 silly ADD node_modules/d3-random
1402 silly ADD node_modules/d3-quadtree
1403 silly ADD node_modules/d3-polygon
1404 silly ADD node_modules/d3-path
1405 silly ADD node_modules/d3-interpolate
1406 silly ADD node_modules/d3-hierarchy
1407 silly ADD node_modules/d3-geo
1408 silly ADD node_modules/d3-format
1409 silly ADD node_modules/d3-force
1410 silly ADD node_modules/d3-fetch
1411 silly ADD node_modules/d3-ease
1412 silly ADD node_modules/d3-dsv
1413 silly ADD node_modules/d3-dsv/node_modules/iconv-lite
1414 silly ADD node_modules/d3-drag
1415 silly ADD node_modules/d3-dispatch
1416 silly ADD node_modules/d3-delaunay
1417 silly ADD node_modules/d3-contour
1418 silly ADD node_modules/d3-color
1419 silly ADD node_modules/d3-chord
1420 silly ADD node_modules/d3-brush
1421 silly ADD node_modules/d3-axis
1422 silly ADD node_modules/d3-array
1423 silly ADD node_modules/proxy-from-env
1424 silly ADD node_modules/form-data
1425 silly ADD node_modules/follow-redirects
1426 silly ADD node_modules/vue
1427 silly ADD node_modules/socket.io
1428 silly ADD node_modules/socket.io/node_modules/ms
1429 silly ADD node_modules/socket.io/node_modules/debug
1430 silly ADD node_modules/lodash.merge
1431 silly ADD node_modules/express
1432 silly ADD node_modules/escodegen
1433 silly ADD node_modules/echarts
1434 silly ADD node_modules/d3
1435 silly ADD node_modules/core-js
1436 silly ADD node_modules/axios
1437 silly ADD node_modules/acorn
1438 silly ADD node_modules/@flowfuse/node-red-dashboard
1439 verbose cwd /data
1440 verbose os Linux 5.15.0-60-generic
1441 verbose node v20.20.0
1442 verbose npm  v10.8.2
1443 verbose exit 0
1444 info ok
