0 verbose cli /usr/local/bin/node /usr/local/bin/npm
1 info using npm@10.8.2
2 info using node@v20.20.0
3 silly config load:file:/usr/local/lib/node_modules/npm/npmrc
4 silly config load:file:/data/.npmrc
5 silly config load:file:/usr/src/node-red/.npmrc
6 silly config load:file:/usr/local/etc/npmrc
7 verbose title npm install node-red-contrib-telegrambot@17.1.3
8 verbose argv "install" "--no-audit" "--no-update-notifier" "--no-fund" "--save" "--save-prefix" "~" "--omit" "dev" "--engine-strict" "node-red-contrib-telegrambot@17.1.3"
9 verbose logfile logs-max:10 dir:/data/.npm/_logs/2026-04-21T12_17_49_346Z-
10 verbose logfile /data/.npm/_logs/2026-04-21T12_17_49_346Z-debug-0.log
11 silly packumentCache heap:4345298944 maxSize:1086324736 maxEntrySize:543162368
12 silly logfile done cleaning log files
13 silly idealTree buildDeps
14 silly fetch manifest node-red-contrib-telegrambot@17.1.3
15 silly packumentCache full:https://registry.npmjs.org/node-red-contrib-telegrambot cache-miss
16 http fetch GET 200 https://registry.npmjs.org/node-red-contrib-telegrambot 627ms (cache miss)
17 silly packumentCache full:https://registry.npmjs.org/node-red-contrib-telegrambot set size:undefined disposed:false
18 silly placeDep ROOT node-red-contrib-telegrambot@17.1.3 OK for: node-red-project@0.0.1 want: 17.1.3
19 silly fetch manifest bluebird@^3.7.2
20 silly packumentCache full:https://registry.npmjs.org/bluebird cache-miss
21 silly fetch manifest node-telegram-bot-api@^0.66.0
22 silly packumentCache full:https://registry.npmjs.org/node-telegram-bot-api cache-miss
23 silly fetch manifest socks-proxy-agent@^8.0.3
24 silly packumentCache full:https://registry.npmjs.org/socks-proxy-agent cache-miss
25 http fetch GET 200 https://registry.npmjs.org/bluebird 88ms (cache miss)
26 silly packumentCache full:https://registry.npmjs.org/bluebird set size:undefined disposed:false
27 http fetch GET 200 https://registry.npmjs.org/socks-proxy-agent 187ms (cache miss)
28 silly packumentCache full:https://registry.npmjs.org/socks-proxy-agent set size:undefined disposed:false
29 http fetch GET 200 https://registry.npmjs.org/node-telegram-bot-api 476ms (cache miss)
30 silly packumentCache full:https://registry.npmjs.org/node-telegram-bot-api set size:undefined disposed:false
31 silly placeDep ROOT bluebird@3.7.2 OK for: node-red-contrib-telegrambot@17.1.3 want: ^3.7.2
32 silly placeDep ROOT node-telegram-bot-api@0.66.0 OK for: node-red-contrib-telegrambot@17.1.3 want: ^0.66.0
33 silly placeDep ROOT socks-proxy-agent@8.0.5 OK for: node-red-contrib-telegrambot@17.1.3 want: ^8.0.3
34 silly fetch manifest bl@^1.2.3
35 silly packumentCache full:https://registry.npmjs.org/bl cache-miss
36 silly fetch manifest pump@^2.0.0
37 silly packumentCache full:https://registry.npmjs.org/pump cache-miss
38 silly fetch manifest debug@^3.2.7
39 silly packumentCache full:https://registry.npmjs.org/debug cache-miss
40 silly fetch manifest file-type@^3.9.0
41 silly packumentCache full:https://registry.npmjs.org/file-type cache-miss
42 silly fetch manifest eventemitter3@^3.0.0
43 silly packumentCache full:https://registry.npmjs.org/eventemitter3 cache-miss
44 silly fetch manifest @cypress/request@^3.0.1
45 silly packumentCache full:https://registry.npmjs.org/@cypress%2frequest cache-miss
46 silly fetch manifest @cypress/request-promise@^5.0.0
47 silly packumentCache full:https://registry.npmjs.org/@cypress%2frequest-promise cache-miss
48 http fetch GET 200 https://registry.npmjs.org/bl 103ms (cache miss)
49 silly packumentCache full:https://registry.npmjs.org/bl set size:undefined disposed:false
50 silly fetch manifest array.prototype.findindex@^2.0.2
51 silly packumentCache full:https://registry.npmjs.org/array.prototype.findindex cache-miss
52 http fetch GET 200 https://registry.npmjs.org/file-type 154ms (cache miss)
53 silly packumentCache full:https://registry.npmjs.org/file-type set size:undefined disposed:false
54 silly fetch manifest debug@^4.3.4
55 silly packumentCache full:https://registry.npmjs.org/debug cache-miss
56 http fetch GET 200 https://registry.npmjs.org/eventemitter3 229ms (cache miss)
57 silly packumentCache full:https://registry.npmjs.org/eventemitter3 set size:undefined disposed:false
58 silly fetch manifest socks@^2.8.3
59 silly packumentCache full:https://registry.npmjs.org/socks cache-miss
60 http fetch GET 200 https://registry.npmjs.org/debug 70ms (cache revalidated)
61 silly packumentCache full:https://registry.npmjs.org/debug set size:195840 disposed:false
62 silly fetch manifest agent-base@^7.1.2
63 silly packumentCache full:https://registry.npmjs.org/agent-base cache-miss
64 http fetch GET 200 https://registry.npmjs.org/debug 257ms (cache revalidated)
65 silly packumentCache full:https://registry.npmjs.org/debug set size:195840 disposed:false
66 silly packumentCache full:https://registry.npmjs.org/debug dispose
67 http fetch GET 200 https://registry.npmjs.org/socks 70ms (cache revalidated)
68 silly packumentCache full:https://registry.npmjs.org/socks set size:168523 disposed:false
69 http fetch GET 200 https://registry.npmjs.org/agent-base 70ms (cache miss)
70 silly packumentCache full:https://registry.npmjs.org/agent-base set size:undefined disposed:false
71 http fetch GET 200 https://registry.npmjs.org/array.prototype.findindex 253ms (cache miss)
72 silly packumentCache full:https://registry.npmjs.org/array.prototype.findindex set size:undefined disposed:false
73 http fetch GET 200 https://registry.npmjs.org/@cypress%2frequest 377ms (cache miss)
74 silly packumentCache full:https://registry.npmjs.org/@cypress%2frequest set size:undefined disposed:false
75 http fetch GET 200 https://registry.npmjs.org/pump 634ms (cache miss)
76 silly packumentCache full:https://registry.npmjs.org/pump set size:undefined disposed:false
77 http fetch GET 200 https://registry.npmjs.org/@cypress%2frequest-promise 1177ms (cache miss)
78 silly packumentCache full:https://registry.npmjs.org/@cypress%2frequest-promise set size:undefined disposed:false
79 silly placeDep ROOT @cypress/request@3.0.10 OK for: node-telegram-bot-api@0.66.0 want: ^3.0.1
80 silly placeDep ROOT @cypress/request-promise@5.0.0 OK for: node-telegram-bot-api@0.66.0 want: ^5.0.0
81 silly placeDep ROOT array.prototype.findindex@2.2.4 OK for: node-telegram-bot-api@0.66.0 want: ^2.0.2
82 silly placeDep ROOT bl@1.2.3 OK for: node-telegram-bot-api@0.66.0 want: ^1.2.3
83 silly placeDep node_modules/node-telegram-bot-api debug@3.2.7 OK for: node-telegram-bot-api@0.66.0 want: ^3.2.7
84 silly placeDep ROOT eventemitter3@3.1.2 OK for: node-telegram-bot-api@0.66.0 want: ^3.0.0
85 silly placeDep ROOT file-type@3.9.0 OK for: node-telegram-bot-api@0.66.0 want: ^3.9.0
86 silly placeDep ROOT pump@2.0.1 OK for: node-telegram-bot-api@0.66.0 want: ^2.0.0
87 silly fetch manifest aws-sign2@~0.7.0
88 silly packumentCache full:https://registry.npmjs.org/aws-sign2 cache-miss
89 silly fetch manifest aws4@^1.8.0
90 silly packumentCache full:https://registry.npmjs.org/aws4 cache-miss
91 silly fetch manifest caseless@~0.12.0
92 silly packumentCache full:https://registry.npmjs.org/caseless cache-miss
93 silly fetch manifest extend@~3.0.2
94 silly packumentCache full:https://registry.npmjs.org/extend cache-miss
95 silly fetch manifest forever-agent@~0.6.1
96 silly packumentCache full:https://registry.npmjs.org/forever-agent cache-miss
97 silly fetch manifest http-signature@~1.4.0
98 silly packumentCache full:https://registry.npmjs.org/http-signature cache-miss
99 silly fetch manifest is-typedarray@~1.0.0
100 silly packumentCache full:https://registry.npmjs.org/is-typedarray cache-miss
101 http fetch GET 200 https://registry.npmjs.org/aws-sign2 161ms (cache miss)
102 silly packumentCache full:https://registry.npmjs.org/aws-sign2 set size:undefined disposed:false
103 silly fetch manifest isstream@~0.1.2
104 silly packumentCache full:https://registry.npmjs.org/isstream cache-miss
105 http fetch GET 200 https://registry.npmjs.org/extend 166ms (cache miss)
106 silly packumentCache full:https://registry.npmjs.org/extend set size:undefined disposed:false
107 silly fetch manifest json-stringify-safe@~5.0.1
108 silly packumentCache full:https://registry.npmjs.org/json-stringify-safe cache-miss
109 http fetch GET 200 https://registry.npmjs.org/is-typedarray 178ms (cache miss)
110 silly packumentCache full:https://registry.npmjs.org/is-typedarray set size:undefined disposed:false
111 silly fetch manifest performance-now@^2.1.0
112 silly packumentCache full:https://registry.npmjs.org/performance-now cache-miss
113 http fetch GET 200 https://registry.npmjs.org/forever-agent 188ms (cache miss)
114 silly packumentCache full:https://registry.npmjs.org/forever-agent set size:undefined disposed:false
115 silly fetch manifest tough-cookie@^5.0.0
116 silly packumentCache full:https://registry.npmjs.org/tough-cookie cache-miss
117 http fetch GET 200 https://registry.npmjs.org/caseless 194ms (cache miss)
118 silly packumentCache full:https://registry.npmjs.org/caseless set size:undefined disposed:false
119 silly fetch manifest tunnel-agent@^0.6.0
120 silly packumentCache full:https://registry.npmjs.org/tunnel-agent cache-miss
121 http fetch GET 200 https://registry.npmjs.org/aws4 204ms (cache miss)
122 silly packumentCache full:https://registry.npmjs.org/aws4 set size:undefined disposed:false
123 silly fetch manifest uuid@^8.3.2
124 silly packumentCache full:https://registry.npmjs.org/uuid cache-miss
125 http fetch GET 200 https://registry.npmjs.org/json-stringify-safe 113ms (cache miss)
126 silly packumentCache full:https://registry.npmjs.org/json-stringify-safe set size:undefined disposed:false
127 silly fetch manifest request-promise-core@1.1.3
128 silly packumentCache full:https://registry.npmjs.org/request-promise-core cache-miss
129 http fetch GET 200 https://registry.npmjs.org/isstream 125ms (cache miss)
130 silly packumentCache full:https://registry.npmjs.org/isstream set size:undefined disposed:false
131 silly fetch manifest stealthy-require@^1.1.1
132 silly packumentCache full:https://registry.npmjs.org/stealthy-require cache-miss
133 http fetch GET 200 https://registry.npmjs.org/tunnel-agent 102ms (cache miss)
134 silly packumentCache full:https://registry.npmjs.org/tunnel-agent set size:undefined disposed:false
135 silly fetch manifest tough-cookie@^4.1.3
136 silly packumentCache full:https://registry.npmjs.org/tough-cookie cache-miss
137 http fetch GET 200 https://registry.npmjs.org/performance-now 118ms (cache miss)
138 silly packumentCache full:https://registry.npmjs.org/performance-now set size:undefined disposed:false
139 silly fetch manifest call-bind@^1.0.8
140 silly packumentCache full:https://registry.npmjs.org/call-bind cache-miss
141 http fetch GET 200 https://registry.npmjs.org/tough-cookie 121ms (cache miss)
142 silly packumentCache full:https://registry.npmjs.org/tough-cookie set size:undefined disposed:false
143 silly fetch manifest define-properties@^1.2.1
144 silly packumentCache full:https://registry.npmjs.org/define-properties cache-miss
145 http fetch GET 200 https://registry.npmjs.org/http-signature 322ms (cache miss)
146 silly packumentCache full:https://registry.npmjs.org/http-signature set size:undefined disposed:false
147 silly fetch manifest es-abstract@^1.23.6
148 silly packumentCache full:https://registry.npmjs.org/es-abstract cache-miss
149 http fetch GET 200 https://registry.npmjs.org/uuid 127ms (cache miss)
150 silly packumentCache full:https://registry.npmjs.org/uuid set size:undefined disposed:false
151 silly fetch manifest es-shim-unscopables@^1.0.2
152 silly packumentCache full:https://registry.npmjs.org/es-shim-unscopables cache-miss
153 http fetch GET 200 https://registry.npmjs.org/call-bind 51ms (cache miss)
154 silly packumentCache full:https://registry.npmjs.org/call-bind set size:undefined disposed:false
155 silly fetch manifest readable-stream@^2.3.5
156 silly packumentCache full:https://registry.npmjs.org/readable-stream cache-miss
157 http fetch GET 200 https://registry.npmjs.org/tough-cookie 72ms (cache miss)
158 silly packumentCache full:https://registry.npmjs.org/tough-cookie set size:undefined disposed:false
159 silly fetch manifest ms@^2.1.1
160 silly packumentCache full:https://registry.npmjs.org/ms cache-miss
161 http fetch GET 200 https://registry.npmjs.org/define-properties 63ms (cache miss)
162 silly packumentCache full:https://registry.npmjs.org/define-properties set size:undefined disposed:false
163 silly fetch manifest once@^1.3.1
164 silly packumentCache full:https://registry.npmjs.org/once cache-miss
165 http fetch GET 200 https://registry.npmjs.org/es-shim-unscopables 69ms (cache miss)
166 silly packumentCache full:https://registry.npmjs.org/es-shim-unscopables set size:undefined disposed:false
167 silly fetch manifest end-of-stream@^1.1.0
168 silly packumentCache full:https://registry.npmjs.org/end-of-stream cache-miss
169 http fetch GET 200 https://registry.npmjs.org/es-abstract 99ms (cache miss)
170 silly packumentCache full:https://registry.npmjs.org/es-abstract set size:undefined disposed:false
171 http fetch GET 200 https://registry.npmjs.org/readable-stream 80ms (cache miss)
172 silly packumentCache full:https://registry.npmjs.org/readable-stream set size:undefined disposed:false
173 http fetch GET 200 https://registry.npmjs.org/once 77ms (cache miss)
174 silly packumentCache full:https://registry.npmjs.org/once set size:undefined disposed:false
175 http fetch GET 200 https://registry.npmjs.org/end-of-stream 61ms (cache miss)
176 silly packumentCache full:https://registry.npmjs.org/end-of-stream set size:undefined disposed:false
177 http fetch GET 200 https://registry.npmjs.org/ms 108ms (cache revalidated)
178 silly packumentCache full:https://registry.npmjs.org/ms set size:92208 disposed:false
179 http fetch GET 200 https://registry.npmjs.org/request-promise-core 253ms (cache miss)
180 silly packumentCache full:https://registry.npmjs.org/request-promise-core set size:undefined disposed:false
181 http fetch GET 200 https://registry.npmjs.org/stealthy-require 252ms (cache miss)
182 silly packumentCache full:https://registry.npmjs.org/stealthy-require set size:undefined disposed:false
183 silly placeDep ROOT aws-sign2@0.7.0 OK for: @cypress/request@3.0.10 want: ~0.7.0
184 silly placeDep ROOT aws4@1.13.2 OK for: @cypress/request@3.0.10 want: ^1.8.0
185 silly placeDep ROOT caseless@0.12.0 OK for: @cypress/request@3.0.10 want: ~0.12.0
186 silly placeDep ROOT extend@3.0.2 OK for: @cypress/request@3.0.10 want: ~3.0.2
187 silly placeDep ROOT forever-agent@0.6.1 OK for: @cypress/request@3.0.10 want: ~0.6.1
188 silly placeDep ROOT http-signature@1.4.0 OK for: @cypress/request@3.0.10 want: ~1.4.0
189 silly placeDep ROOT is-typedarray@1.0.0 OK for: @cypress/request@3.0.10 want: ~1.0.0
190 silly placeDep ROOT isstream@0.1.2 OK for: @cypress/request@3.0.10 want: ~0.1.2
191 silly placeDep ROOT json-stringify-safe@5.0.1 OK for: @cypress/request@3.0.10 want: ~5.0.1
192 silly placeDep ROOT performance-now@2.1.0 OK for: @cypress/request@3.0.10 want: ^2.1.0
193 silly placeDep ROOT tough-cookie@5.1.2 OK for: @cypress/request@3.0.10 want: ^5.0.0
194 silly placeDep ROOT tunnel-agent@0.6.0 OK for: @cypress/request@3.0.10 want: ^0.6.0
195 silly placeDep ROOT uuid@8.3.2 OK for: @cypress/request@3.0.10 want: ^8.3.2
196 silly fetch manifest sshpk@^1.18.0
197 silly packumentCache full:https://registry.npmjs.org/sshpk cache-miss
198 silly fetch manifest jsprim@^2.0.2
199 silly packumentCache full:https://registry.npmjs.org/jsprim cache-miss
200 silly fetch manifest assert-plus@^1.0.0
201 silly packumentCache full:https://registry.npmjs.org/assert-plus cache-miss
202 silly fetch manifest tldts@^6.1.32
203 silly packumentCache full:https://registry.npmjs.org/tldts cache-miss
204 http fetch GET 200 https://registry.npmjs.org/assert-plus 139ms (cache miss)
205 silly packumentCache full:https://registry.npmjs.org/assert-plus set size:undefined disposed:false
206 http fetch GET 200 https://registry.npmjs.org/jsprim 142ms (cache miss)
207 silly packumentCache full:https://registry.npmjs.org/jsprim set size:undefined disposed:false
208 http fetch GET 200 https://registry.npmjs.org/sshpk 147ms (cache miss)
209 silly packumentCache full:https://registry.npmjs.org/sshpk set size:undefined disposed:false
210 http fetch GET 200 https://registry.npmjs.org/tldts 482ms (cache miss)
211 silly packumentCache full:https://registry.npmjs.org/tldts set size:undefined disposed:false
212 silly fetch manifest request@^2.34
213 silly packumentCache full:https://registry.npmjs.org/request cache-miss
214 http fetch GET 200 https://registry.npmjs.org/request 140ms (cache miss)
215 silly packumentCache full:https://registry.npmjs.org/request set size:undefined disposed:false
216 silly placeDep ROOT request-promise-core@1.1.3 OK for: @cypress/request-promise@5.0.0 want: 1.1.3
217 silly placeDep ROOT request@2.88.2 OK for: request-promise-core@1.1.3 want: ^2.34
218 silly placeDep ROOT stealthy-require@1.1.1 OK for: @cypress/request-promise@5.0.0 want: ^1.1.1
219 silly placeDep node_modules/@cypress/request-promise tough-cookie@4.1.4 OK for: @cypress/request-promise@5.0.0 want: ^4.1.3
220 silly fetch manifest lodash@^4.17.15
221 silly packumentCache full:https://registry.npmjs.org/lodash cache-miss
222 silly fetch manifest qs@~6.5.2
223 silly packumentCache full:https://registry.npmjs.org/qs cache-miss
224 silly fetch manifest uuid@^3.3.2
225 silly packumentCache full:https://registry.npmjs.org/uuid cache-miss
226 silly fetch manifest form-data@~2.3.2
227 silly packumentCache full:https://registry.npmjs.org/form-data cache-miss
228 silly fetch manifest oauth-sign@~0.9.0
229 silly packumentCache full:https://registry.npmjs.org/oauth-sign cache-miss
230 silly fetch manifest tough-cookie@~2.5.0
231 silly packumentCache full:https://registry.npmjs.org/tough-cookie cache-miss
232 silly fetch manifest har-validator@~5.1.3
233 silly packumentCache full:https://registry.npmjs.org/har-validator cache-miss
234 http fetch GET 200 https://registry.npmjs.org/uuid 26ms (cache hit)
235 silly packumentCache full:https://registry.npmjs.org/uuid set size:233177 disposed:false
236 silly fetch manifest http-signature@~1.2.0
237 silly packumentCache full:https://registry.npmjs.org/http-signature cache-miss
238 http fetch GET 200 https://registry.npmjs.org/tough-cookie 32ms (cache hit)
239 silly packumentCache full:https://registry.npmjs.org/tough-cookie set size:149007 disposed:false
240 silly fetch manifest psl@^1.1.33
241 silly packumentCache full:https://registry.npmjs.org/psl cache-miss
242 http fetch GET 200 https://registry.npmjs.org/http-signature 13ms (cache hit)
243 silly packumentCache full:https://registry.npmjs.org/http-signature set size:58675 disposed:false
244 silly fetch manifest url-parse@^1.5.3
245 silly packumentCache full:https://registry.npmjs.org/url-parse cache-miss
246 http fetch GET 200 https://registry.npmjs.org/form-data 133ms (cache revalidated)
247 silly packumentCache full:https://registry.npmjs.org/form-data set size:153646 disposed:false
248 silly fetch manifest universalify@^0.2.0
249 silly packumentCache full:https://registry.npmjs.org/universalify cache-miss
250 http fetch GET 200 https://registry.npmjs.org/qs 151ms (cache revalidated)
251 silly packumentCache full:https://registry.npmjs.org/qs set size:353582 disposed:false
252 http fetch GET 200 https://registry.npmjs.org/oauth-sign 167ms (cache miss)
253 silly packumentCache full:https://registry.npmjs.org/oauth-sign set size:undefined disposed:false
254 http fetch GET 200 https://registry.npmjs.org/psl 129ms (cache miss)
255 silly packumentCache full:https://registry.npmjs.org/psl set size:undefined disposed:false
256 http fetch GET 200 https://registry.npmjs.org/har-validator 169ms (cache miss)
257 silly packumentCache full:https://registry.npmjs.org/har-validator set size:undefined disposed:false
258 http fetch GET 200 https://registry.npmjs.org/url-parse 129ms (cache miss)
259 silly packumentCache full:https://registry.npmjs.org/url-parse set size:undefined disposed:false
260 http fetch GET 200 https://registry.npmjs.org/lodash 186ms (cache miss)
261 silly packumentCache full:https://registry.npmjs.org/lodash set size:undefined disposed:false
262 http fetch GET 200 https://registry.npmjs.org/universalify 76ms (cache miss)
263 silly packumentCache full:https://registry.npmjs.org/universalify set size:undefined disposed:false
264 silly placeDep ROOT call-bind@1.0.9 OK for: array.prototype.findindex@2.2.4 want: ^1.0.8
265 silly placeDep ROOT define-properties@1.2.1 OK for: array.prototype.findindex@2.2.4 want: ^1.2.1
266 silly placeDep ROOT es-abstract@1.24.2 OK for: array.prototype.findindex@2.2.4 want: ^1.23.6
267 silly placeDep ROOT es-shim-unscopables@1.1.0 OK for: array.prototype.findindex@2.2.4 want: ^1.0.2
268 silly fetch manifest set-function-length@^1.2.2
269 silly packumentCache full:https://registry.npmjs.org/set-function-length cache-miss
270 silly fetch manifest define-data-property@^1.0.1
271 silly packumentCache full:https://registry.npmjs.org/define-data-property cache-miss
272 silly fetch manifest has-property-descriptors@^1.0.0
273 silly packumentCache full:https://registry.npmjs.org/has-property-descriptors cache-miss
274 silly fetch manifest object-keys@^1.1.1
275 silly packumentCache full:https://registry.npmjs.org/object-keys cache-miss
276 silly fetch manifest array-buffer-byte-length@^1.0.2
277 silly packumentCache full:https://registry.npmjs.org/array-buffer-byte-length cache-miss
278 silly fetch manifest arraybuffer.prototype.slice@^1.0.4
279 silly packumentCache full:https://registry.npmjs.org/arraybuffer.prototype.slice cache-miss
280 silly fetch manifest available-typed-arrays@^1.0.7
281 silly packumentCache full:https://registry.npmjs.org/available-typed-arrays cache-miss
282 http fetch GET 200 https://registry.npmjs.org/set-function-length 60ms (cache miss)
283 silly packumentCache full:https://registry.npmjs.org/set-function-length set size:undefined disposed:false
284 silly fetch manifest data-view-buffer@^1.0.2
285 silly packumentCache full:https://registry.npmjs.org/data-view-buffer cache-miss
286 http fetch GET 200 https://registry.npmjs.org/define-data-property 70ms (cache miss)
287 silly packumentCache full:https://registry.npmjs.org/define-data-property set size:undefined disposed:false
288 silly fetch manifest data-view-byte-length@^1.0.2
289 silly packumentCache full:https://registry.npmjs.org/data-view-byte-length cache-miss
290 http fetch GET 200 https://registry.npmjs.org/available-typed-arrays 83ms (cache miss)
291 silly packumentCache full:https://registry.npmjs.org/available-typed-arrays set size:undefined disposed:false
292 silly fetch manifest data-view-byte-offset@^1.0.1
293 silly packumentCache full:https://registry.npmjs.org/data-view-byte-offset cache-miss
294 http fetch GET 200 https://registry.npmjs.org/arraybuffer.prototype.slice 91ms (cache miss)
295 silly packumentCache full:https://registry.npmjs.org/arraybuffer.prototype.slice set size:undefined disposed:false
296 silly fetch manifest es-to-primitive@^1.3.0
297 silly packumentCache full:https://registry.npmjs.org/es-to-primitive cache-miss
298 http fetch GET 200 https://registry.npmjs.org/has-property-descriptors 99ms (cache miss)
299 silly packumentCache full:https://registry.npmjs.org/has-property-descriptors set size:undefined disposed:false
300 silly fetch manifest function.prototype.name@^1.1.8
301 silly packumentCache full:https://registry.npmjs.org/function.prototype.name cache-miss
302 http fetch GET 200 https://registry.npmjs.org/object-keys 100ms (cache miss)
303 silly packumentCache full:https://registry.npmjs.org/object-keys set size:undefined disposed:false
304 silly fetch manifest get-symbol-description@^1.1.0
305 silly packumentCache full:https://registry.npmjs.org/get-symbol-description cache-miss
306 http fetch GET 200 https://registry.npmjs.org/array-buffer-byte-length 105ms (cache miss)
307 silly packumentCache full:https://registry.npmjs.org/array-buffer-byte-length set size:undefined disposed:false
308 silly fetch manifest globalthis@^1.0.4
309 silly packumentCache full:https://registry.npmjs.org/globalthis cache-miss
310 http fetch GET 200 https://registry.npmjs.org/data-view-buffer 80ms (cache miss)
311 silly packumentCache full:https://registry.npmjs.org/data-view-buffer set size:undefined disposed:false
312 silly fetch manifest has-property-descriptors@^1.0.2
313 silly packumentCache full:https://registry.npmjs.org/has-property-descriptors cache-miss
314 http fetch GET 200 https://registry.npmjs.org/data-view-byte-length 71ms (cache miss)
315 silly packumentCache full:https://registry.npmjs.org/data-view-byte-length set size:undefined disposed:false
316 silly fetch manifest has-proto@^1.2.0
317 silly packumentCache full:https://registry.npmjs.org/has-proto cache-miss
318 http fetch GET 200 https://registry.npmjs.org/data-view-byte-offset 61ms (cache miss)
319 silly packumentCache full:https://registry.npmjs.org/data-view-byte-offset set size:undefined disposed:false
320 silly fetch manifest internal-slot@^1.1.0
321 silly packumentCache full:https://registry.npmjs.org/internal-slot cache-miss
322 http fetch GET 200 https://registry.npmjs.org/has-property-descriptors 14ms (cache hit)
323 silly packumentCache full:https://registry.npmjs.org/has-property-descriptors set size:12452 disposed:false
324 silly fetch manifest is-array-buffer@^3.0.5
325 silly packumentCache full:https://registry.npmjs.org/is-array-buffer cache-miss
326 http fetch GET 200 https://registry.npmjs.org/es-to-primitive 70ms (cache miss)
327 silly packumentCache full:https://registry.npmjs.org/es-to-primitive set size:undefined disposed:false
328 silly fetch manifest is-callable@^1.2.7
329 silly packumentCache full:https://registry.npmjs.org/is-callable cache-miss
330 http fetch GET 200 https://registry.npmjs.org/globalthis 85ms (cache miss)
331 silly packumentCache full:https://registry.npmjs.org/globalthis set size:undefined disposed:false
332 silly fetch manifest is-data-view@^1.0.2
333 silly packumentCache full:https://registry.npmjs.org/is-data-view cache-miss
334 http fetch GET 200 https://registry.npmjs.org/get-symbol-description 95ms (cache miss)
335 silly packumentCache full:https://registry.npmjs.org/get-symbol-description set size:undefined disposed:false
336 silly fetch manifest is-negative-zero@^2.0.3
337 silly packumentCache full:https://registry.npmjs.org/is-negative-zero cache-miss
338 http fetch GET 200 https://registry.npmjs.org/function.prototype.name 104ms (cache miss)
339 silly packumentCache full:https://registry.npmjs.org/function.prototype.name set size:undefined disposed:false
340 silly fetch manifest is-regex@^1.2.1
341 silly packumentCache full:https://registry.npmjs.org/is-regex cache-miss
342 http fetch GET 200 https://registry.npmjs.org/has-proto 84ms (cache miss)
343 silly packumentCache full:https://registry.npmjs.org/has-proto set size:undefined disposed:false
344 silly fetch manifest is-set@^2.0.3
345 silly packumentCache full:https://registry.npmjs.org/is-set cache-miss
346 http fetch GET 200 https://registry.npmjs.org/internal-slot 82ms (cache miss)
347 silly packumentCache full:https://registry.npmjs.org/internal-slot set size:undefined disposed:false
348 silly fetch manifest is-shared-array-buffer@^1.0.4
349 silly packumentCache full:https://registry.npmjs.org/is-shared-array-buffer cache-miss
350 http fetch GET 200 https://registry.npmjs.org/is-array-buffer 93ms (cache miss)
351 silly packumentCache full:https://registry.npmjs.org/is-array-buffer set size:undefined disposed:false
352 silly fetch manifest is-string@^1.1.1
353 silly packumentCache full:https://registry.npmjs.org/is-string cache-miss
354 http fetch GET 200 https://registry.npmjs.org/is-callable 89ms (cache miss)
355 silly packumentCache full:https://registry.npmjs.org/is-callable set size:undefined disposed:false
356 silly fetch manifest is-typed-array@^1.1.15
357 silly packumentCache full:https://registry.npmjs.org/is-typed-array cache-miss
358 http fetch GET 200 https://registry.npmjs.org/is-negative-zero 79ms (cache miss)
359 silly packumentCache full:https://registry.npmjs.org/is-negative-zero set size:undefined disposed:false
360 silly fetch manifest is-weakref@^1.1.1
361 silly packumentCache full:https://registry.npmjs.org/is-weakref cache-miss
362 http fetch GET 200 https://registry.npmjs.org/is-set 61ms (cache miss)
363 silly packumentCache full:https://registry.npmjs.org/is-set set size:undefined disposed:false
364 silly fetch manifest object.assign@^4.1.7
365 silly packumentCache full:https://registry.npmjs.org/object.assign cache-miss
366 http fetch GET 200 https://registry.npmjs.org/is-regex 98ms (cache miss)
367 silly packumentCache full:https://registry.npmjs.org/is-regex set size:undefined disposed:false
368 silly fetch manifest own-keys@^1.0.1
369 silly packumentCache full:https://registry.npmjs.org/own-keys cache-miss
370 http fetch GET 200 https://registry.npmjs.org/is-data-view 110ms (cache miss)
371 silly packumentCache full:https://registry.npmjs.org/is-data-view set size:undefined disposed:false
372 silly fetch manifest regexp.prototype.flags@^1.5.4
373 silly packumentCache full:https://registry.npmjs.org/regexp.prototype.flags cache-miss
374 http fetch GET 200 https://registry.npmjs.org/is-shared-array-buffer 75ms (cache miss)
375 silly packumentCache full:https://registry.npmjs.org/is-shared-array-buffer set size:undefined disposed:false
376 silly fetch manifest safe-array-concat@^1.1.3
377 silly packumentCache full:https://registry.npmjs.org/safe-array-concat cache-miss
378 http fetch GET 200 https://registry.npmjs.org/is-string 68ms (cache miss)
379 silly packumentCache full:https://registry.npmjs.org/is-string set size:undefined disposed:false
380 silly fetch manifest safe-push-apply@^1.0.0
381 silly packumentCache full:https://registry.npmjs.org/safe-push-apply cache-miss
382 http fetch GET 200 https://registry.npmjs.org/is-weakref 91ms (cache miss)
383 silly packumentCache full:https://registry.npmjs.org/is-weakref set size:undefined disposed:false
384 silly fetch manifest safe-regex-test@^1.1.0
385 silly packumentCache full:https://registry.npmjs.org/safe-regex-test cache-miss
386 http fetch GET 200 https://registry.npmjs.org/object.assign 87ms (cache miss)
387 silly packumentCache full:https://registry.npmjs.org/object.assign set size:undefined disposed:false
388 silly fetch manifest set-proto@^1.0.0
389 silly packumentCache full:https://registry.npmjs.org/set-proto cache-miss
390 http fetch GET 200 https://registry.npmjs.org/own-keys 84ms (cache miss)
391 silly packumentCache full:https://registry.npmjs.org/own-keys set size:undefined disposed:false
392 silly fetch manifest stop-iteration-iterator@^1.1.0
393 silly packumentCache full:https://registry.npmjs.org/stop-iteration-iterator cache-miss
394 http fetch GET 200 https://registry.npmjs.org/regexp.prototype.flags 85ms (cache miss)
395 silly packumentCache full:https://registry.npmjs.org/regexp.prototype.flags set size:undefined disposed:false
396 silly fetch manifest string.prototype.trim@^1.2.10
397 silly packumentCache full:https://registry.npmjs.org/string.prototype.trim cache-miss
398 http fetch GET 200 https://registry.npmjs.org/safe-push-apply 75ms (cache miss)
399 silly packumentCache full:https://registry.npmjs.org/safe-push-apply set size:undefined disposed:false
400 silly fetch manifest string.prototype.trimend@^1.0.9
401 silly packumentCache full:https://registry.npmjs.org/string.prototype.trimend cache-miss
402 http fetch GET 200 https://registry.npmjs.org/safe-array-concat 89ms (cache miss)
403 silly packumentCache full:https://registry.npmjs.org/safe-array-concat set size:undefined disposed:false
404 silly fetch manifest string.prototype.trimstart@^1.0.8
405 silly packumentCache full:https://registry.npmjs.org/string.prototype.trimstart cache-miss
406 http fetch GET 200 https://registry.npmjs.org/safe-regex-test 53ms (cache miss)
407 silly packumentCache full:https://registry.npmjs.org/safe-regex-test set size:undefined disposed:false
408 silly fetch manifest typed-array-buffer@^1.0.3
409 silly packumentCache full:https://registry.npmjs.org/typed-array-buffer cache-miss
410 http fetch GET 200 https://registry.npmjs.org/set-proto 70ms (cache miss)
411 silly packumentCache full:https://registry.npmjs.org/set-proto set size:undefined disposed:false
412 silly fetch manifest typed-array-byte-length@^1.0.3
413 silly packumentCache full:https://registry.npmjs.org/typed-array-byte-length cache-miss
414 http fetch GET 200 https://registry.npmjs.org/stop-iteration-iterator 85ms (cache miss)
415 silly packumentCache full:https://registry.npmjs.org/stop-iteration-iterator set size:undefined disposed:false
416 silly fetch manifest typed-array-byte-offset@^1.0.4
417 silly packumentCache full:https://registry.npmjs.org/typed-array-byte-offset cache-miss
418 http fetch GET 200 https://registry.npmjs.org/string.prototype.trim 87ms (cache miss)
419 silly packumentCache full:https://registry.npmjs.org/string.prototype.trim set size:undefined disposed:false
420 silly fetch manifest typed-array-length@^1.0.7
421 silly packumentCache full:https://registry.npmjs.org/typed-array-length cache-miss
422 http fetch GET 200 https://registry.npmjs.org/string.prototype.trimend 85ms (cache miss)
423 silly packumentCache full:https://registry.npmjs.org/string.prototype.trimend set size:undefined disposed:false
424 silly fetch manifest unbox-primitive@^1.1.0
425 silly packumentCache full:https://registry.npmjs.org/unbox-primitive cache-miss
426 http fetch GET 200 https://registry.npmjs.org/typed-array-buffer 68ms (cache miss)
427 silly packumentCache full:https://registry.npmjs.org/typed-array-buffer set size:undefined disposed:false
428 silly fetch manifest which-typed-array@^1.1.19
429 silly packumentCache full:https://registry.npmjs.org/which-typed-array cache-miss
430 http fetch GET 200 https://registry.npmjs.org/string.prototype.trimstart 99ms (cache miss)
431 silly packumentCache full:https://registry.npmjs.org/string.prototype.trimstart set size:undefined disposed:false
432 http fetch GET 200 https://registry.npmjs.org/is-typed-array 264ms (cache miss)
433 silly packumentCache full:https://registry.npmjs.org/is-typed-array set size:undefined disposed:false
434 http fetch GET 200 https://registry.npmjs.org/typed-array-byte-length 136ms (cache miss)
435 silly packumentCache full:https://registry.npmjs.org/typed-array-byte-length set size:undefined disposed:false
436 http fetch GET 200 https://registry.npmjs.org/typed-array-length 112ms (cache miss)
437 silly packumentCache full:https://registry.npmjs.org/typed-array-length set size:undefined disposed:false
438 http fetch GET 200 https://registry.npmjs.org/unbox-primitive 111ms (cache miss)
439 silly packumentCache full:https://registry.npmjs.org/unbox-primitive set size:undefined disposed:false
440 http fetch GET 200 https://registry.npmjs.org/typed-array-byte-offset 122ms (cache miss)
441 silly packumentCache full:https://registry.npmjs.org/typed-array-byte-offset set size:undefined disposed:false
442 http fetch GET 200 https://registry.npmjs.org/which-typed-array 102ms (cache miss)
443 silly packumentCache full:https://registry.npmjs.org/which-typed-array set size:undefined disposed:false
444 silly placeDep ROOT readable-stream@2.3.8 OK for: bl@1.2.3 want: ^2.3.5
445 silly fetch manifest isarray@~1.0.0
446 silly packumentCache full:https://registry.npmjs.org/isarray cache-miss
447 silly fetch manifest safe-buffer@~5.1.1
448 silly packumentCache full:https://registry.npmjs.org/safe-buffer cache-miss
449 silly fetch manifest core-util-is@~1.0.0
450 silly packumentCache full:https://registry.npmjs.org/core-util-is cache-miss
451 silly fetch manifest string_decoder@~1.1.1
452 silly packumentCache full:https://registry.npmjs.org/string_decoder cache-miss
453 silly fetch manifest util-deprecate@~1.0.1
454 silly packumentCache full:https://registry.npmjs.org/util-deprecate cache-miss
455 silly fetch manifest process-nextick-args@~2.0.0
456 silly packumentCache full:https://registry.npmjs.org/process-nextick-args cache-miss
457 http fetch GET 200 https://registry.npmjs.org/safe-buffer 170ms (cache revalidated)
458 silly packumentCache full:https://registry.npmjs.org/safe-buffer set size:41183 disposed:false
459 http fetch GET 200 https://registry.npmjs.org/core-util-is 173ms (cache miss)
460 silly packumentCache full:https://registry.npmjs.org/core-util-is set size:undefined disposed:false
461 http fetch GET 200 https://registry.npmjs.org/isarray 175ms (cache miss)
462 silly packumentCache full:https://registry.npmjs.org/isarray set size:undefined disposed:false
463 http fetch GET 200 https://registry.npmjs.org/process-nextick-args 173ms (cache miss)
464 silly packumentCache full:https://registry.npmjs.org/process-nextick-args set size:undefined disposed:false
465 http fetch GET 200 https://registry.npmjs.org/util-deprecate 176ms (cache miss)
466 silly packumentCache full:https://registry.npmjs.org/util-deprecate set size:undefined disposed:false
467 http fetch GET 200 https://registry.npmjs.org/string_decoder 177ms (cache miss)
468 silly packumentCache full:https://registry.npmjs.org/string_decoder set size:undefined disposed:false
469 silly placeDep ROOT set-function-length@1.2.2 OK for: call-bind@1.0.9 want: ^1.2.2
470 silly fetch manifest define-data-property@^1.1.4
471 silly packumentCache full:https://registry.npmjs.org/define-data-property cache-miss
472 http fetch GET 200 https://registry.npmjs.org/define-data-property 3ms (cache hit)
473 silly packumentCache full:https://registry.npmjs.org/define-data-property set size:28048 disposed:false
474 silly placeDep ROOT define-data-property@1.1.4 OK for: define-properties@1.2.1 want: ^1.0.1
475 silly placeDep ROOT has-property-descriptors@1.0.2 OK for: define-properties@1.2.1 want: ^1.0.0
476 silly placeDep ROOT object-keys@1.1.1 OK for: define-properties@1.2.1 want: ^1.1.1
477 silly placeDep ROOT array-buffer-byte-length@1.0.2 OK for: es-abstract@1.24.2 want: ^1.0.2
478 silly placeDep ROOT arraybuffer.prototype.slice@1.0.4 OK for: es-abstract@1.24.2 want: ^1.0.4
479 silly placeDep ROOT available-typed-arrays@1.0.7 OK for: es-abstract@1.24.2 want: ^1.0.7
480 silly placeDep ROOT data-view-buffer@1.0.2 OK for: es-abstract@1.24.2 want: ^1.0.2
481 silly placeDep ROOT data-view-byte-length@1.0.2 OK for: es-abstract@1.24.2 want: ^1.0.2
482 silly placeDep ROOT data-view-byte-offset@1.0.1 OK for: es-abstract@1.24.2 want: ^1.0.1
483 silly placeDep ROOT es-to-primitive@1.3.0 OK for: es-abstract@1.24.2 want: ^1.3.0
484 silly placeDep ROOT function.prototype.name@1.1.8 OK for: es-abstract@1.24.2 want: ^1.1.8
485 silly placeDep ROOT get-symbol-description@1.1.0 OK for: es-abstract@1.24.2 want: ^1.1.0
486 silly placeDep ROOT globalthis@1.0.4 OK for: es-abstract@1.24.2 want: ^1.0.4
487 silly placeDep ROOT has-proto@1.2.0 OK for: es-abstract@1.24.2 want: ^1.2.0
488 silly placeDep ROOT internal-slot@1.1.0 OK for: es-abstract@1.24.2 want: ^1.1.0
489 silly placeDep ROOT is-array-buffer@3.0.5 OK for: es-abstract@1.24.2 want: ^3.0.5
490 silly placeDep ROOT is-callable@1.2.7 OK for: es-abstract@1.24.2 want: ^1.2.7
491 silly placeDep ROOT is-data-view@1.0.2 OK for: es-abstract@1.24.2 want: ^1.0.2
492 silly placeDep ROOT is-negative-zero@2.0.3 OK for: es-abstract@1.24.2 want: ^2.0.3
493 silly placeDep ROOT is-regex@1.2.1 OK for: es-abstract@1.24.2 want: ^1.2.1
494 silly placeDep ROOT is-set@2.0.3 OK for: es-abstract@1.24.2 want: ^2.0.3
495 silly placeDep ROOT is-shared-array-buffer@1.0.4 OK for: es-abstract@1.24.2 want: ^1.0.4
496 silly placeDep ROOT is-string@1.1.1 OK for: es-abstract@1.24.2 want: ^1.1.1
497 silly placeDep ROOT is-typed-array@1.1.15 OK for: es-abstract@1.24.2 want: ^1.1.15
498 silly placeDep ROOT is-weakref@1.1.1 OK for: es-abstract@1.24.2 want: ^1.1.1
499 silly placeDep ROOT object.assign@4.1.7 OK for: es-abstract@1.24.2 want: ^4.1.7
500 silly placeDep ROOT own-keys@1.0.1 OK for: es-abstract@1.24.2 want: ^1.0.1
501 silly placeDep ROOT regexp.prototype.flags@1.5.4 OK for: es-abstract@1.24.2 want: ^1.5.4
502 silly placeDep ROOT safe-array-concat@1.1.4 OK for: es-abstract@1.24.2 want: ^1.1.3
503 silly placeDep ROOT safe-push-apply@1.0.0 OK for: es-abstract@1.24.2 want: ^1.0.0
504 silly placeDep ROOT safe-regex-test@1.1.0 OK for: es-abstract@1.24.2 want: ^1.1.0
505 silly placeDep ROOT set-proto@1.0.0 OK for: es-abstract@1.24.2 want: ^1.0.0
506 silly placeDep ROOT stop-iteration-iterator@1.1.0 OK for: es-abstract@1.24.2 want: ^1.1.0
507 silly placeDep ROOT string.prototype.trim@1.2.10 OK for: es-abstract@1.24.2 want: ^1.2.10
508 silly placeDep ROOT string.prototype.trimend@1.0.9 OK for: es-abstract@1.24.2 want: ^1.0.9
509 silly placeDep ROOT string.prototype.trimstart@1.0.8 OK for: es-abstract@1.24.2 want: ^1.0.8
510 silly placeDep ROOT typed-array-buffer@1.0.3 OK for: es-abstract@1.24.2 want: ^1.0.3
511 silly placeDep ROOT typed-array-byte-length@1.0.3 OK for: es-abstract@1.24.2 want: ^1.0.3
512 silly placeDep ROOT typed-array-byte-offset@1.0.4 OK for: es-abstract@1.24.2 want: ^1.0.4
513 silly placeDep ROOT typed-array-length@1.0.7 OK for: es-abstract@1.24.2 want: ^1.0.7
514 silly placeDep ROOT unbox-primitive@1.1.0 OK for: es-abstract@1.24.2 want: ^1.1.0
515 silly placeDep ROOT which-typed-array@1.1.20 OK for: es-abstract@1.24.2 want: ^1.1.19
516 silly fetch manifest is-array-buffer@^3.0.4
517 silly packumentCache full:https://registry.npmjs.org/is-array-buffer cache-miss
518 silly fetch manifest possible-typed-array-names@^1.0.0
519 silly packumentCache full:https://registry.npmjs.org/possible-typed-array-names cache-miss
520 silly fetch manifest is-data-view@^1.0.1
521 silly packumentCache full:https://registry.npmjs.org/is-data-view cache-miss
522 silly fetch manifest is-date-object@^1.0.5
523 silly packumentCache full:https://registry.npmjs.org/is-date-object cache-miss
524 silly fetch manifest is-symbol@^1.0.4
525 silly packumentCache full:https://registry.npmjs.org/is-symbol cache-miss
526 silly fetch manifest functions-have-names@^1.2.3
527 silly packumentCache full:https://registry.npmjs.org/functions-have-names cache-miss
528 silly fetch manifest is-typed-array@^1.1.13
529 silly packumentCache full:https://registry.npmjs.org/is-typed-array cache-miss
530 http fetch GET 200 https://registry.npmjs.org/is-data-view 18ms (cache hit)
531 silly packumentCache full:https://registry.npmjs.org/is-data-view set size:13756 disposed:false
532 silly fetch manifest which-typed-array@^1.1.16
533 silly packumentCache full:https://registry.npmjs.org/which-typed-array cache-miss
534 http fetch GET 200 https://registry.npmjs.org/is-typed-array 16ms (cache hit)
535 silly packumentCache full:https://registry.npmjs.org/is-typed-array set size:79965 disposed:false
536 silly fetch manifest set-function-name@^2.0.2
537 silly packumentCache full:https://registry.npmjs.org/set-function-name cache-miss
538 http fetch GET 200 https://registry.npmjs.org/is-array-buffer 26ms (cache hit)
539 silly packumentCache full:https://registry.npmjs.org/is-array-buffer set size:33562 disposed:false
540 silly fetch manifest isarray@^2.0.5
541 silly packumentCache full:https://registry.npmjs.org/isarray cache-miss
542 http fetch GET 200 https://registry.npmjs.org/isarray 4ms (cache hit)
543 silly packumentCache full:https://registry.npmjs.org/isarray set size:17392 disposed:false
544 silly fetch manifest for-each@^0.3.3
545 silly packumentCache full:https://registry.npmjs.org/for-each cache-miss
546 http fetch GET 200 https://registry.npmjs.org/which-typed-array 13ms (cache hit)
547 silly packumentCache full:https://registry.npmjs.org/which-typed-array set size:93605 disposed:false
548 silly fetch manifest for-each@^0.3.3
549 silly packumentCache full:https://registry.npmjs.org/for-each cache-miss
550 http fetch GET 200 https://registry.npmjs.org/functions-have-names 145ms (cache miss)
551 silly packumentCache full:https://registry.npmjs.org/functions-have-names set size:undefined disposed:false
552 silly fetch manifest reflect.getprototypeof@^1.0.9
553 silly packumentCache full:https://registry.npmjs.org/reflect.getprototypeof cache-miss
554 http fetch GET 200 https://registry.npmjs.org/possible-typed-array-names 151ms (cache miss)
555 silly packumentCache full:https://registry.npmjs.org/possible-typed-array-names set size:undefined disposed:false
556 silly fetch manifest for-each@^0.3.3
557 silly packumentCache full:https://registry.npmjs.org/for-each cache-miss
558 http fetch GET 200 https://registry.npmjs.org/is-symbol 150ms (cache miss)
559 silly packumentCache full:https://registry.npmjs.org/is-symbol set size:undefined disposed:false
560 silly fetch manifest reflect.getprototypeof@^1.0.6
561 silly packumentCache full:https://registry.npmjs.org/reflect.getprototypeof cache-miss
562 http fetch GET 200 https://registry.npmjs.org/for-each 122ms (cache miss)
563 silly packumentCache full:https://registry.npmjs.org/for-each set size:undefined disposed:false
564 silly fetch manifest has-bigints@^1.0.2
565 silly packumentCache full:https://registry.npmjs.org/has-bigints cache-miss
566 http fetch GET 200 https://registry.npmjs.org/is-date-object 158ms (cache miss)
567 silly packumentCache full:https://registry.npmjs.org/is-date-object set size:undefined disposed:false
568 silly fetch manifest which-boxed-primitive@^1.1.1
569 silly packumentCache full:https://registry.npmjs.org/which-boxed-primitive cache-miss
570 http fetch GET 200 https://registry.npmjs.org/set-function-name 138ms (cache miss)
571 silly packumentCache full:https://registry.npmjs.org/set-function-name set size:undefined disposed:false
572 silly fetch manifest for-each@^0.3.5
573 silly packumentCache full:https://registry.npmjs.org/for-each cache-miss
574 http fetch GET 200 https://registry.npmjs.org/for-each 131ms (cache miss)
575 silly packumentCache full:https://registry.npmjs.org/for-each set size:undefined disposed:false
576 http fetch GET 200 https://registry.npmjs.org/for-each 21ms (cache hit)
577 silly packumentCache full:https://registry.npmjs.org/for-each set size:14327 disposed:false
578 http fetch GET 200 https://registry.npmjs.org/for-each 9ms (cache hit)
579 silly packumentCache full:https://registry.npmjs.org/for-each set size:14327 disposed:false
580 silly packumentCache full:https://registry.npmjs.org/for-each dispose
581 http fetch GET 200 https://registry.npmjs.org/reflect.getprototypeof 66ms (cache miss)
582 silly packumentCache full:https://registry.npmjs.org/reflect.getprototypeof set size:undefined disposed:false
583 http fetch GET 200 https://registry.npmjs.org/reflect.getprototypeof 72ms (cache miss)
584 silly packumentCache full:https://registry.npmjs.org/reflect.getprototypeof set size:undefined disposed:false
585 http fetch GET 200 https://registry.npmjs.org/which-boxed-primitive 69ms (cache miss)
586 silly packumentCache full:https://registry.npmjs.org/which-boxed-primitive set size:undefined disposed:false
587 http fetch GET 200 https://registry.npmjs.org/has-bigints 263ms (cache miss)
588 silly packumentCache full:https://registry.npmjs.org/has-bigints set size:undefined disposed:false
589 silly placeDep ROOT possible-typed-array-names@1.1.0 OK for: available-typed-arrays@1.0.7 want: ^1.0.0
590 silly placeDep ROOT is-date-object@1.1.0 OK for: es-to-primitive@1.3.0 want: ^1.0.5
591 silly placeDep ROOT is-symbol@1.1.1 OK for: es-to-primitive@1.3.0 want: ^1.0.4
592 silly placeDep ROOT functions-have-names@1.2.3 OK for: function.prototype.name@1.1.8 want: ^1.2.3
593 silly placeDep ROOT assert-plus@1.0.0 OK for: http-signature@1.4.0 want: ^1.0.0
594 silly placeDep ROOT jsprim@2.0.2 OK for: http-signature@1.4.0 want: ^2.0.2
595 silly placeDep ROOT sshpk@1.18.0 OK for: http-signature@1.4.0 want: ^1.18.0
596 silly fetch manifest verror@1.10.0
597 silly packumentCache full:https://registry.npmjs.org/verror cache-miss
598 silly fetch manifest extsprintf@1.3.0
599 silly packumentCache full:https://registry.npmjs.org/extsprintf cache-miss
600 silly fetch manifest json-schema@0.4.0
601 silly packumentCache full:https://registry.npmjs.org/json-schema cache-miss
602 silly fetch manifest asn1@~0.2.3
603 silly packumentCache full:https://registry.npmjs.org/asn1 cache-miss
604 silly fetch manifest jsbn@~0.1.0
605 silly packumentCache full:https://registry.npmjs.org/jsbn cache-miss
606 silly fetch manifest getpass@^0.1.1
607 silly packumentCache full:https://registry.npmjs.org/getpass cache-miss
608 silly fetch manifest dashdash@^1.12.0
609 silly packumentCache full:https://registry.npmjs.org/dashdash cache-miss
610 http fetch GET 200 https://registry.npmjs.org/getpass 84ms (cache miss)
611 silly packumentCache full:https://registry.npmjs.org/getpass set size:undefined disposed:false
612 silly fetch manifest ecc-jsbn@~0.1.1
613 silly packumentCache full:https://registry.npmjs.org/ecc-jsbn cache-miss
614 http fetch GET 200 https://registry.npmjs.org/jsbn 88ms (cache miss)
615 silly packumentCache full:https://registry.npmjs.org/jsbn set size:undefined disposed:false
616 silly fetch manifest tweetnacl@~0.14.0
617 silly packumentCache full:https://registry.npmjs.org/tweetnacl cache-miss
618 http fetch GET 200 https://registry.npmjs.org/asn1 118ms (cache miss)
619 silly packumentCache full:https://registry.npmjs.org/asn1 set size:undefined disposed:false
620 silly fetch manifest bcrypt-pbkdf@^1.0.0
621 silly packumentCache full:https://registry.npmjs.org/bcrypt-pbkdf cache-miss
622 http fetch GET 200 https://registry.npmjs.org/extsprintf 123ms (cache miss)
623 silly packumentCache full:https://registry.npmjs.org/extsprintf set size:undefined disposed:false
624 http fetch GET 200 https://registry.npmjs.org/verror 127ms (cache miss)
625 silly packumentCache full:https://registry.npmjs.org/verror set size:undefined disposed:false
626 http fetch GET 200 https://registry.npmjs.org/dashdash 119ms (cache miss)
627 silly packumentCache full:https://registry.npmjs.org/dashdash set size:undefined disposed:false
628 http fetch GET 200 https://registry.npmjs.org/json-schema 294ms (cache miss)
629 silly packumentCache full:https://registry.npmjs.org/json-schema set size:undefined disposed:false
630 http fetch GET 200 https://registry.npmjs.org/ecc-jsbn 259ms (cache miss)
631 silly packumentCache full:https://registry.npmjs.org/ecc-jsbn set size:undefined disposed:false
632 http fetch GET 200 https://registry.npmjs.org/bcrypt-pbkdf 721ms (cache miss)
633 silly packumentCache full:https://registry.npmjs.org/bcrypt-pbkdf set size:undefined disposed:false
634 http fetch GET 200 https://registry.npmjs.org/tweetnacl 752ms (cache miss)
635 silly packumentCache full:https://registry.npmjs.org/tweetnacl set size:undefined disposed:false
636 silly placeDep ROOT extsprintf@1.3.0 OK for: jsprim@2.0.2 want: 1.3.0
637 silly placeDep ROOT json-schema@0.4.0 OK for: jsprim@2.0.2 want: 0.4.0
638 silly placeDep ROOT verror@1.10.0 OK for: jsprim@2.0.2 want: 1.10.0
639 silly fetch manifest core-util-is@1.0.2
640 silly packumentCache full:https://registry.npmjs.org/core-util-is cache-miss
641 http fetch GET 200 https://registry.npmjs.org/core-util-is 7ms (cache hit)
642 silly packumentCache full:https://registry.npmjs.org/core-util-is set size:7163 disposed:false
643 silly placeDep ROOT end-of-stream@1.4.5 OK for: pump@2.0.1 want: ^1.1.0
644 silly placeDep ROOT once@1.4.0 OK for: pump@2.0.1 want: ^1.3.1
645 silly fetch manifest once@^1.4.0
646 silly packumentCache full:https://registry.npmjs.org/once cache-miss
647 silly fetch manifest wrappy@1
648 silly packumentCache full:https://registry.npmjs.org/wrappy cache-miss
649 http fetch GET 200 https://registry.npmjs.org/once 6ms (cache hit)
650 silly packumentCache full:https://registry.npmjs.org/once set size:11752 disposed:false
651 http fetch GET 200 https://registry.npmjs.org/wrappy 59ms (cache miss)
652 silly packumentCache full:https://registry.npmjs.org/wrappy set size:undefined disposed:false
653 silly placeDep ROOT wrappy@1.0.2 OK for: once@1.4.0 want: 1
654 silly placeDep ROOT core-util-is@1.0.3 OK for: readable-stream@2.3.8 want: ~1.0.0
655 silly placeDep ROOT isarray@1.0.0 OK for: readable-stream@2.3.8 want: ~1.0.0
656 silly placeDep ROOT process-nextick-args@2.0.1 OK for: readable-stream@2.3.8 want: ~2.0.0
657 silly placeDep node_modules/readable-stream safe-buffer@5.1.2 OK for: readable-stream@2.3.8 want: ~5.1.1
658 silly placeDep ROOT string_decoder@1.1.1 OK for: readable-stream@2.3.8 want: ~1.1.1
659 silly placeDep ROOT util-deprecate@1.0.2 OK for: readable-stream@2.3.8 want: ~1.0.1
660 silly fetch manifest safe-buffer@~5.1.0
661 silly packumentCache full:https://registry.npmjs.org/safe-buffer cache-hit
662 silly placeDep ROOT set-function-name@2.0.2 OK for: regexp.prototype.flags@1.5.4 want: ^2.0.2
663 silly placeDep node_modules/request form-data@2.3.3 OK for: request@2.88.2 want: ~2.3.2
664 silly placeDep ROOT har-validator@5.1.5 OK for: request@2.88.2 want: ~5.1.3
665 silly placeDep node_modules/request http-signature@1.2.0 OK for: request@2.88.2 want: ~1.2.0
666 silly placeDep ROOT oauth-sign@0.9.0 OK for: request@2.88.2 want: ~0.9.0
667 silly placeDep node_modules/request qs@6.5.5 OK for: request@2.88.2 want: ~6.5.2
668 silly placeDep node_modules/request tough-cookie@2.5.0 OK for: request@2.88.2 want: ~2.5.0
669 silly placeDep node_modules/request uuid@3.4.0 OK for: request@2.88.2 want: ^3.3.2
670 silly fetch manifest ajv@^6.12.3
671 silly packumentCache full:https://registry.npmjs.org/ajv cache-miss
672 silly fetch manifest har-schema@^2.0.0
673 silly packumentCache full:https://registry.npmjs.org/har-schema cache-miss
674 silly fetch manifest jsprim@^1.2.2
675 silly packumentCache full:https://registry.npmjs.org/jsprim cache-miss
676 silly fetch manifest psl@^1.1.28
677 silly packumentCache full:https://registry.npmjs.org/psl cache-miss
678 http fetch GET 200 https://registry.npmjs.org/jsprim 8ms (cache hit)
679 silly packumentCache full:https://registry.npmjs.org/jsprim set size:49508 disposed:false
680 http fetch GET 200 https://registry.npmjs.org/psl 9ms (cache hit)
681 silly packumentCache full:https://registry.npmjs.org/psl set size:129526 disposed:false
682 http fetch GET 200 https://registry.npmjs.org/har-schema 87ms (cache miss)
683 silly packumentCache full:https://registry.npmjs.org/har-schema set size:undefined disposed:false
684 http fetch GET 200 https://registry.npmjs.org/ajv 204ms (cache miss)
685 silly packumentCache full:https://registry.npmjs.org/ajv set size:undefined disposed:false
686 silly placeDep ROOT ajv@6.14.0 OK for: har-validator@5.1.5 want: ^6.12.3
687 silly placeDep ROOT har-schema@2.0.0 OK for: har-validator@5.1.5 want: ^2.0.0
688 silly fetch manifest fast-deep-equal@^3.1.1
689 silly packumentCache full:https://registry.npmjs.org/fast-deep-equal cache-miss
690 silly fetch manifest fast-json-stable-stringify@^2.0.0
691 silly packumentCache full:https://registry.npmjs.org/fast-json-stable-stringify cache-miss
692 silly fetch manifest json-schema-traverse@^0.4.1
693 silly packumentCache full:https://registry.npmjs.org/json-schema-traverse cache-miss
694 silly fetch manifest uri-js@^4.2.2
695 silly packumentCache full:https://registry.npmjs.org/uri-js cache-miss
696 http fetch GET 200 https://registry.npmjs.org/fast-deep-equal 84ms (cache miss)
697 silly packumentCache full:https://registry.npmjs.org/fast-deep-equal set size:undefined disposed:false
698 http fetch GET 200 https://registry.npmjs.org/fast-json-stable-stringify 91ms (cache miss)
699 silly packumentCache full:https://registry.npmjs.org/fast-json-stable-stringify set size:undefined disposed:false
700 http fetch GET 200 https://registry.npmjs.org/json-schema-traverse 91ms (cache miss)
701 silly packumentCache full:https://registry.npmjs.org/json-schema-traverse set size:undefined disposed:false
702 http fetch GET 200 https://registry.npmjs.org/uri-js 681ms (cache miss)
703 silly packumentCache full:https://registry.npmjs.org/uri-js set size:undefined disposed:false
704 silly placeDep ROOT fast-deep-equal@3.1.3 OK for: ajv@6.14.0 want: ^3.1.1
705 silly placeDep ROOT fast-json-stable-stringify@2.1.0 OK for: ajv@6.14.0 want: ^2.0.0
706 silly placeDep ROOT json-schema-traverse@0.4.1 OK for: ajv@6.14.0 want: ^0.4.1
707 silly placeDep ROOT uri-js@4.4.1 OK for: ajv@6.14.0 want: ^4.2.2
708 silly placeDep ROOT lodash@4.18.1 OK for: request-promise-core@1.1.3 want: ^4.17.15
709 silly placeDep node_modules/safe-array-concat isarray@2.0.5 OK for: safe-array-concat@1.1.4 want: ^2.0.5
710 silly placeDep node_modules/safe-push-apply isarray@2.0.5 OK for: safe-push-apply@1.0.0 want: ^2.0.5
711 silly placeDep ROOT agent-base@7.1.4 OK for: socks-proxy-agent@8.0.5 want: ^7.1.2
712 silly placeDep node_modules/socks-proxy-agent debug@4.4.3 OK for: socks-proxy-agent@8.0.5 want: ^4.3.4
713 silly placeDep ROOT socks@2.8.7 OK for: socks-proxy-agent@8.0.5 want: ^2.8.3
714 silly fetch manifest ms@^2.1.3
715 silly packumentCache full:https://registry.npmjs.org/ms cache-hit
716 silly fetch manifest ip-address@^10.0.1
717 silly packumentCache full:https://registry.npmjs.org/ip-address cache-miss
718 silly fetch manifest smart-buffer@^4.2.0
719 silly packumentCache full:https://registry.npmjs.org/smart-buffer cache-miss
720 http fetch GET 200 https://registry.npmjs.org/smart-buffer 96ms (cache miss)
721 silly packumentCache full:https://registry.npmjs.org/smart-buffer set size:undefined disposed:false
722 http fetch GET 200 https://registry.npmjs.org/ip-address 105ms (cache miss)
723 silly packumentCache full:https://registry.npmjs.org/ip-address set size:undefined disposed:false
724 silly placeDep ROOT ip-address@10.1.0 OK for: socks@2.8.7 want: ^10.0.1
725 silly placeDep ROOT smart-buffer@4.2.0 OK for: socks@2.8.7 want: ^4.2.0
726 silly placeDep ROOT asn1@0.2.6 OK for: sshpk@1.18.0 want: ~0.2.3
727 silly placeDep ROOT bcrypt-pbkdf@1.0.2 OK for: sshpk@1.18.0 want: ^1.0.0
728 silly placeDep ROOT dashdash@1.14.1 OK for: sshpk@1.18.0 want: ^1.12.0
729 silly placeDep ROOT ecc-jsbn@0.1.2 OK for: sshpk@1.18.0 want: ~0.1.1
730 silly placeDep ROOT getpass@0.1.7 OK for: sshpk@1.18.0 want: ^0.1.1
731 silly placeDep ROOT jsbn@0.1.1 OK for: sshpk@1.18.0 want: ~0.1.0
732 silly placeDep ROOT tweetnacl@0.14.5 OK for: sshpk@1.18.0 want: ~0.14.0
733 silly fetch manifest tweetnacl@^0.14.3
734 silly packumentCache full:https://registry.npmjs.org/tweetnacl cache-miss
735 http fetch GET 200 https://registry.npmjs.org/tweetnacl 11ms (cache hit)
736 silly packumentCache full:https://registry.npmjs.org/tweetnacl set size:79790 disposed:false
737 silly placeDep node_modules/string_decoder safe-buffer@5.1.2 OK for: string_decoder@1.1.1 want: ~5.1.0
738 silly placeDep ROOT tldts@6.1.86 OK for: tough-cookie@5.1.2 want: ^6.1.32
739 silly fetch manifest tldts-core@^6.1.86
740 silly packumentCache full:https://registry.npmjs.org/tldts-core cache-miss
741 http fetch GET 200 https://registry.npmjs.org/tldts-core 328ms (cache miss)
742 silly packumentCache full:https://registry.npmjs.org/tldts-core set size:undefined disposed:false
743 silly placeDep ROOT tldts-core@6.1.86 OK for: tldts@6.1.86 want: ^6.1.86
744 silly placeDep ROOT for-each@0.3.5 OK for: typed-array-byte-length@1.0.3 want: ^0.3.3
745 silly placeDep ROOT reflect.getprototypeof@1.0.10 OK for: typed-array-byte-offset@1.0.4 want: ^1.0.9
746 silly fetch manifest which-builtin-type@^1.2.1
747 silly packumentCache full:https://registry.npmjs.org/which-builtin-type cache-miss
748 http fetch GET 200 https://registry.npmjs.org/which-builtin-type 70ms (cache miss)
749 silly packumentCache full:https://registry.npmjs.org/which-builtin-type set size:undefined disposed:false
750 silly placeDep ROOT which-builtin-type@1.2.1 OK for: reflect.getprototypeof@1.0.10 want: ^1.2.1
751 silly fetch manifest is-async-function@^2.0.0
752 silly packumentCache full:https://registry.npmjs.org/is-async-function cache-miss
753 silly fetch manifest is-finalizationregistry@^1.1.0
754 silly packumentCache full:https://registry.npmjs.org/is-finalizationregistry cache-miss
755 silly fetch manifest is-generator-function@^1.0.10
756 silly packumentCache full:https://registry.npmjs.org/is-generator-function cache-miss
757 silly fetch manifest which-boxed-primitive@^1.1.0
758 silly packumentCache full:https://registry.npmjs.org/which-boxed-primitive cache-miss
759 silly fetch manifest which-collection@^1.0.2
760 silly packumentCache full:https://registry.npmjs.org/which-collection cache-miss
761 http fetch GET 200 https://registry.npmjs.org/which-boxed-primitive 30ms (cache hit)
762 silly packumentCache full:https://registry.npmjs.org/which-boxed-primitive set size:19407 disposed:false
763 http fetch GET 200 https://registry.npmjs.org/is-async-function 120ms (cache miss)
764 silly packumentCache full:https://registry.npmjs.org/is-async-function set size:undefined disposed:false
765 http fetch GET 200 https://registry.npmjs.org/is-finalizationregistry 126ms (cache miss)
766 silly packumentCache full:https://registry.npmjs.org/is-finalizationregistry set size:undefined disposed:false
767 http fetch GET 200 https://registry.npmjs.org/which-collection 119ms (cache miss)
768 silly packumentCache full:https://registry.npmjs.org/which-collection set size:undefined disposed:false
769 http fetch GET 200 https://registry.npmjs.org/is-generator-function 129ms (cache miss)
770 silly packumentCache full:https://registry.npmjs.org/is-generator-function set size:undefined disposed:false
771 silly placeDep ROOT has-bigints@1.1.0 OK for: unbox-primitive@1.1.0 want: ^1.0.2
772 silly placeDep ROOT which-boxed-primitive@1.1.1 OK for: unbox-primitive@1.1.0 want: ^1.1.1
773 silly fetch manifest is-bigint@^1.1.0
774 silly packumentCache full:https://registry.npmjs.org/is-bigint cache-miss
775 silly fetch manifest is-boolean-object@^1.2.1
776 silly packumentCache full:https://registry.npmjs.org/is-boolean-object cache-miss
777 silly fetch manifest is-number-object@^1.1.1
778 silly packumentCache full:https://registry.npmjs.org/is-number-object cache-miss
779 http fetch GET 200 https://registry.npmjs.org/is-bigint 71ms (cache miss)
780 silly packumentCache full:https://registry.npmjs.org/is-bigint set size:undefined disposed:false
781 http fetch GET 200 https://registry.npmjs.org/is-number-object 80ms (cache miss)
782 silly packumentCache full:https://registry.npmjs.org/is-number-object set size:undefined disposed:false
783 http fetch GET 200 https://registry.npmjs.org/is-boolean-object 88ms (cache miss)
784 silly packumentCache full:https://registry.npmjs.org/is-boolean-object set size:undefined disposed:false
785 silly placeDep node_modules/verror core-util-is@1.0.2 OK for: verror@1.10.0 want: 1.0.2
786 silly placeDep ROOT is-bigint@1.1.0 OK for: which-boxed-primitive@1.1.1 want: ^1.1.0
787 silly placeDep ROOT is-boolean-object@1.2.2 OK for: which-boxed-primitive@1.1.1 want: ^1.2.1
788 silly placeDep ROOT is-number-object@1.1.1 OK for: which-boxed-primitive@1.1.1 want: ^1.1.1
789 silly placeDep ROOT is-async-function@2.1.1 OK for: which-builtin-type@1.2.1 want: ^2.0.0
790 silly placeDep ROOT is-finalizationregistry@1.1.1 OK for: which-builtin-type@1.2.1 want: ^1.1.0
791 silly placeDep ROOT is-generator-function@1.1.2 OK for: which-builtin-type@1.2.1 want: ^1.0.10
792 silly placeDep node_modules/which-builtin-type isarray@2.0.5 OK for: which-builtin-type@1.2.1 want: ^2.0.5
793 silly placeDep ROOT which-collection@1.0.2 OK for: which-builtin-type@1.2.1 want: ^1.0.2
794 silly fetch manifest async-function@^1.0.0
795 silly packumentCache full:https://registry.npmjs.org/async-function cache-miss
796 silly fetch manifest generator-function@^2.0.0
797 silly packumentCache full:https://registry.npmjs.org/generator-function cache-miss
798 silly fetch manifest is-map@^2.0.3
799 silly packumentCache full:https://registry.npmjs.org/is-map cache-miss
800 silly fetch manifest is-weakmap@^2.0.2
801 silly packumentCache full:https://registry.npmjs.org/is-weakmap cache-miss
802 silly fetch manifest is-weakset@^2.0.3
803 silly packumentCache full:https://registry.npmjs.org/is-weakset cache-miss
804 http fetch GET 200 https://registry.npmjs.org/generator-function 79ms (cache miss)
805 silly packumentCache full:https://registry.npmjs.org/generator-function set size:undefined disposed:false
806 http fetch GET 200 https://registry.npmjs.org/is-weakmap 78ms (cache miss)
807 silly packumentCache full:https://registry.npmjs.org/is-weakmap set size:undefined disposed:false
808 http fetch GET 200 https://registry.npmjs.org/async-function 84ms (cache miss)
809 silly packumentCache full:https://registry.npmjs.org/async-function set size:undefined disposed:false
810 http fetch GET 200 https://registry.npmjs.org/is-map 82ms (cache miss)
811 silly packumentCache full:https://registry.npmjs.org/is-map set size:undefined disposed:false
812 http fetch GET 200 https://registry.npmjs.org/is-weakset 80ms (cache miss)
813 silly packumentCache full:https://registry.npmjs.org/is-weakset set size:undefined disposed:false
814 silly placeDep ROOT async-function@1.0.0 OK for: is-async-function@2.1.1 want: ^1.0.0
815 silly placeDep ROOT generator-function@2.0.1 OK for: is-generator-function@1.1.2 want: ^2.0.0
816 silly placeDep ROOT is-map@2.0.3 OK for: which-collection@1.0.2 want: ^2.0.3
817 silly placeDep ROOT is-weakmap@2.0.2 OK for: which-collection@1.0.2 want: ^2.0.2
818 silly placeDep ROOT is-weakset@2.0.4 OK for: which-collection@1.0.2 want: ^2.0.3
819 silly placeDep ROOT psl@1.15.0 OK for: tough-cookie@4.1.4 want: ^1.1.33
820 silly placeDep ROOT universalify@0.2.0 OK for: tough-cookie@4.1.4 want: ^0.2.0
821 silly placeDep ROOT url-parse@1.5.10 OK for: tough-cookie@4.1.4 want: ^1.5.3
822 silly fetch manifest querystringify@^2.1.1
823 silly packumentCache full:https://registry.npmjs.org/querystringify cache-miss
824 silly fetch manifest requires-port@^1.0.0
825 silly packumentCache full:https://registry.npmjs.org/requires-port cache-miss
826 http fetch GET 200 https://registry.npmjs.org/querystringify 74ms (cache miss)
827 silly packumentCache full:https://registry.npmjs.org/querystringify set size:undefined disposed:false
828 http fetch GET 200 https://registry.npmjs.org/requires-port 75ms (cache miss)
829 silly packumentCache full:https://registry.npmjs.org/requires-port set size:undefined disposed:false
830 silly placeDep ROOT querystringify@2.2.0 OK for: url-parse@1.5.10 want: ^2.1.1
831 silly placeDep ROOT requires-port@1.0.0 OK for: url-parse@1.5.10 want: ^1.0.0
832 silly placeDep node_modules/node-telegram-bot-api ms@2.1.3 OK for: debug@3.2.7 want: ^2.1.1
833 silly placeDep node_modules/request jsprim@1.4.2 OK for: http-signature@1.2.0 want: ^1.2.2
834 silly placeDep node_modules/socks-proxy-agent ms@2.1.3 OK for: debug@4.4.3 want: ^2.1.3
835 silly reify moves {}
836 silly tarball no local data for requires-port@https://registry.npmjs.org/requires-port/-/requires-port-1.0.0.tgz. Extracting by manifest.
837 silly tarball no local data for querystringify@https://registry.npmjs.org/querystringify/-/querystringify-2.2.0.tgz. Extracting by manifest.
838 silly tarball no local data for universalify@https://registry.npmjs.org/universalify/-/universalify-0.2.0.tgz. Extracting by manifest.
839 silly tarball no local data for url-parse@https://registry.npmjs.org/url-parse/-/url-parse-1.5.10.tgz. Extracting by manifest.
840 silly tarball no local data for psl@https://registry.npmjs.org/psl/-/psl-1.15.0.tgz. Extracting by manifest.
841 silly tarball no local data for is-weakset@https://registry.npmjs.org/is-weakset/-/is-weakset-2.0.4.tgz. Extracting by manifest.
842 silly tarball no local data for is-weakmap@https://registry.npmjs.org/is-weakmap/-/is-weakmap-2.0.2.tgz. Extracting by manifest.
843 silly tarball no local data for is-map@https://registry.npmjs.org/is-map/-/is-map-2.0.3.tgz. Extracting by manifest.
844 silly tarball no local data for generator-function@https://registry.npmjs.org/generator-function/-/generator-function-2.0.1.tgz. Extracting by manifest.
845 silly tarball no local data for async-function@https://registry.npmjs.org/async-function/-/async-function-1.0.0.tgz. Extracting by manifest.
846 silly tarball no local data for which-collection@https://registry.npmjs.org/which-collection/-/which-collection-1.0.2.tgz. Extracting by manifest.
847 silly tarball no local data for is-generator-function@https://registry.npmjs.org/is-generator-function/-/is-generator-function-1.1.2.tgz. Extracting by manifest.
848 silly tarball no local data for is-finalizationregistry@https://registry.npmjs.org/is-finalizationregistry/-/is-finalizationregistry-1.1.1.tgz. Extracting by manifest.
849 silly tarball no local data for is-async-function@https://registry.npmjs.org/is-async-function/-/is-async-function-2.1.1.tgz. Extracting by manifest.
850 silly tarball no local data for is-number-object@https://registry.npmjs.org/is-number-object/-/is-number-object-1.1.1.tgz. Extracting by manifest.
851 silly tarball no local data for is-boolean-object@https://registry.npmjs.org/is-boolean-object/-/is-boolean-object-1.2.2.tgz. Extracting by manifest.
852 silly tarball no local data for is-bigint@https://registry.npmjs.org/is-bigint/-/is-bigint-1.1.0.tgz. Extracting by manifest.
853 silly tarball no local data for which-boxed-primitive@https://registry.npmjs.org/which-boxed-primitive/-/which-boxed-primitive-1.1.1.tgz. Extracting by manifest.
854 silly tarball no local data for has-bigints@https://registry.npmjs.org/has-bigints/-/has-bigints-1.1.0.tgz. Extracting by manifest.
855 silly tarball no local data for which-builtin-type@https://registry.npmjs.org/which-builtin-type/-/which-builtin-type-1.2.1.tgz. Extracting by manifest.
856 silly tarball no local data for reflect.getprototypeof@https://registry.npmjs.org/reflect.getprototypeof/-/reflect.getprototypeof-1.0.10.tgz. Extracting by manifest.
857 silly tarball no local data for for-each@https://registry.npmjs.org/for-each/-/for-each-0.3.5.tgz. Extracting by manifest.
858 silly tarball no local data for tldts@https://registry.npmjs.org/tldts/-/tldts-6.1.86.tgz. Extracting by manifest.
859 silly tarball no local data for jsbn@https://registry.npmjs.org/jsbn/-/jsbn-0.1.1.tgz. Extracting by manifest.
860 silly tarball no local data for getpass@https://registry.npmjs.org/getpass/-/getpass-0.1.7.tgz. Extracting by manifest.
861 silly tarball no local data for ecc-jsbn@https://registry.npmjs.org/ecc-jsbn/-/ecc-jsbn-0.1.2.tgz. Extracting by manifest.
862 silly tarball no local data for tweetnacl@https://registry.npmjs.org/tweetnacl/-/tweetnacl-0.14.5.tgz. Extracting by manifest.
863 silly tarball no local data for tldts-core@https://registry.npmjs.org/tldts-core/-/tldts-core-6.1.86.tgz. Extracting by manifest.
864 silly tarball no local data for dashdash@https://registry.npmjs.org/dashdash/-/dashdash-1.14.1.tgz. Extracting by manifest.
865 silly tarball no local data for asn1@https://registry.npmjs.org/asn1/-/asn1-0.2.6.tgz. Extracting by manifest.
866 silly tarball no local data for smart-buffer@https://registry.npmjs.org/smart-buffer/-/smart-buffer-4.2.0.tgz. Extracting by manifest.
867 silly tarball no local data for ip-address@https://registry.npmjs.org/ip-address/-/ip-address-10.1.0.tgz. Extracting by manifest.
868 silly tarball no local data for socks@https://registry.npmjs.org/socks/-/socks-2.8.7.tgz. Extracting by manifest.
869 silly tarball no local data for agent-base@https://registry.npmjs.org/agent-base/-/agent-base-7.1.4.tgz. Extracting by manifest.
870 silly tarball no local data for lodash@https://registry.npmjs.org/lodash/-/lodash-4.18.1.tgz. Extracting by manifest.
871 silly tarball no local data for bcrypt-pbkdf@https://registry.npmjs.org/bcrypt-pbkdf/-/bcrypt-pbkdf-1.0.2.tgz. Extracting by manifest.
872 silly tarball no local data for uri-js@https://registry.npmjs.org/uri-js/-/uri-js-4.4.1.tgz. Extracting by manifest.
873 silly tarball no local data for fast-json-stable-stringify@https://registry.npmjs.org/fast-json-stable-stringify/-/fast-json-stable-stringify-2.1.0.tgz. Extracting by manifest.
874 silly tarball no local data for json-schema-traverse@https://registry.npmjs.org/json-schema-traverse/-/json-schema-traverse-0.4.1.tgz. Extracting by manifest.
875 silly tarball no local data for fast-deep-equal@https://registry.npmjs.org/fast-deep-equal/-/fast-deep-equal-3.1.3.tgz. Extracting by manifest.
876 silly tarball no local data for har-schema@https://registry.npmjs.org/har-schema/-/har-schema-2.0.0.tgz. Extracting by manifest.
877 silly tarball no local data for ajv@https://registry.npmjs.org/ajv/-/ajv-6.14.0.tgz. Extracting by manifest.
878 silly tarball no local data for oauth-sign@https://registry.npmjs.org/oauth-sign/-/oauth-sign-0.9.0.tgz. Extracting by manifest.
879 silly tarball no local data for har-validator@https://registry.npmjs.org/har-validator/-/har-validator-5.1.5.tgz. Extracting by manifest.
880 silly tarball no local data for set-function-name@https://registry.npmjs.org/set-function-name/-/set-function-name-2.0.2.tgz. Extracting by manifest.
881 silly tarball no local data for util-deprecate@https://registry.npmjs.org/util-deprecate/-/util-deprecate-1.0.2.tgz. Extracting by manifest.
882 silly tarball no local data for process-nextick-args@https://registry.npmjs.org/process-nextick-args/-/process-nextick-args-2.0.1.tgz. Extracting by manifest.
883 silly tarball no local data for string_decoder@https://registry.npmjs.org/string_decoder/-/string_decoder-1.1.1.tgz. Extracting by manifest.
884 silly tarball no local data for isarray@https://registry.npmjs.org/isarray/-/isarray-1.0.0.tgz. Extracting by manifest.
885 silly tarball no local data for core-util-is@https://registry.npmjs.org/core-util-is/-/core-util-is-1.0.3.tgz. Extracting by manifest.
886 silly tarball no local data for wrappy@https://registry.npmjs.org/wrappy/-/wrappy-1.0.2.tgz. Extracting by manifest.
887 silly tarball no local data for once@https://registry.npmjs.org/once/-/once-1.4.0.tgz. Extracting by manifest.
888 silly tarball no local data for end-of-stream@https://registry.npmjs.org/end-of-stream/-/end-of-stream-1.4.5.tgz. Extracting by manifest.
889 silly tarball no local data for verror@https://registry.npmjs.org/verror/-/verror-1.10.0.tgz. Extracting by manifest.
890 silly tarball no local data for json-schema@https://registry.npmjs.org/json-schema/-/json-schema-0.4.0.tgz. Extracting by manifest.
891 silly tarball no local data for extsprintf@https://registry.npmjs.org/extsprintf/-/extsprintf-1.3.0.tgz. Extracting by manifest.
892 silly tarball no local data for sshpk@https://registry.npmjs.org/sshpk/-/sshpk-1.18.0.tgz. Extracting by manifest.
893 silly tarball no local data for jsprim@https://registry.npmjs.org/jsprim/-/jsprim-2.0.2.tgz. Extracting by manifest.
894 silly tarball no local data for assert-plus@https://registry.npmjs.org/assert-plus/-/assert-plus-1.0.0.tgz. Extracting by manifest.
895 silly tarball no local data for functions-have-names@https://registry.npmjs.org/functions-have-names/-/functions-have-names-1.2.3.tgz. Extracting by manifest.
896 silly tarball no local data for is-symbol@https://registry.npmjs.org/is-symbol/-/is-symbol-1.1.1.tgz. Extracting by manifest.
897 silly tarball no local data for is-date-object@https://registry.npmjs.org/is-date-object/-/is-date-object-1.1.0.tgz. Extracting by manifest.
898 silly tarball no local data for possible-typed-array-names@https://registry.npmjs.org/possible-typed-array-names/-/possible-typed-array-names-1.1.0.tgz. Extracting by manifest.
899 silly tarball no local data for which-typed-array@https://registry.npmjs.org/which-typed-array/-/which-typed-array-1.1.20.tgz. Extracting by manifest.
900 silly tarball no local data for unbox-primitive@https://registry.npmjs.org/unbox-primitive/-/unbox-primitive-1.1.0.tgz. Extracting by manifest.
901 silly tarball no local data for typed-array-length@https://registry.npmjs.org/typed-array-length/-/typed-array-length-1.0.7.tgz. Extracting by manifest.
902 silly tarball no local data for typed-array-byte-offset@https://registry.npmjs.org/typed-array-byte-offset/-/typed-array-byte-offset-1.0.4.tgz. Extracting by manifest.
903 silly tarball no local data for typed-array-byte-length@https://registry.npmjs.org/typed-array-byte-length/-/typed-array-byte-length-1.0.3.tgz. Extracting by manifest.
904 silly tarball no local data for typed-array-buffer@https://registry.npmjs.org/typed-array-buffer/-/typed-array-buffer-1.0.3.tgz. Extracting by manifest.
905 silly tarball no local data for string.prototype.trimstart@https://registry.npmjs.org/string.prototype.trimstart/-/string.prototype.trimstart-1.0.8.tgz. Extracting by manifest.
906 silly tarball no local data for string.prototype.trimend@https://registry.npmjs.org/string.prototype.trimend/-/string.prototype.trimend-1.0.9.tgz. Extracting by manifest.
907 silly tarball no local data for string.prototype.trim@https://registry.npmjs.org/string.prototype.trim/-/string.prototype.trim-1.2.10.tgz. Extracting by manifest.
908 silly tarball no local data for stop-iteration-iterator@https://registry.npmjs.org/stop-iteration-iterator/-/stop-iteration-iterator-1.1.0.tgz. Extracting by manifest.
909 silly tarball no local data for set-proto@https://registry.npmjs.org/set-proto/-/set-proto-1.0.0.tgz. Extracting by manifest.
910 silly tarball no local data for safe-regex-test@https://registry.npmjs.org/safe-regex-test/-/safe-regex-test-1.1.0.tgz. Extracting by manifest.
911 silly tarball no local data for safe-push-apply@https://registry.npmjs.org/safe-push-apply/-/safe-push-apply-1.0.0.tgz. Extracting by manifest.
912 silly tarball no local data for safe-array-concat@https://registry.npmjs.org/safe-array-concat/-/safe-array-concat-1.1.4.tgz. Extracting by manifest.
913 silly tarball no local data for regexp.prototype.flags@https://registry.npmjs.org/regexp.prototype.flags/-/regexp.prototype.flags-1.5.4.tgz. Extracting by manifest.
914 silly tarball no local data for own-keys@https://registry.npmjs.org/own-keys/-/own-keys-1.0.1.tgz. Extracting by manifest.
915 silly tarball no local data for object.assign@https://registry.npmjs.org/object.assign/-/object.assign-4.1.7.tgz. Extracting by manifest.
916 silly tarball no local data for is-weakref@https://registry.npmjs.org/is-weakref/-/is-weakref-1.1.1.tgz. Extracting by manifest.
917 silly tarball no local data for is-typed-array@https://registry.npmjs.org/is-typed-array/-/is-typed-array-1.1.15.tgz. Extracting by manifest.
918 silly tarball no local data for is-string@https://registry.npmjs.org/is-string/-/is-string-1.1.1.tgz. Extracting by manifest.
919 silly tarball no local data for is-shared-array-buffer@https://registry.npmjs.org/is-shared-array-buffer/-/is-shared-array-buffer-1.0.4.tgz. Extracting by manifest.
920 silly tarball no local data for is-set@https://registry.npmjs.org/is-set/-/is-set-2.0.3.tgz. Extracting by manifest.
921 silly tarball no local data for is-regex@https://registry.npmjs.org/is-regex/-/is-regex-1.2.1.tgz. Extracting by manifest.
922 silly tarball no local data for is-negative-zero@https://registry.npmjs.org/is-negative-zero/-/is-negative-zero-2.0.3.tgz. Extracting by manifest.
923 silly tarball no local data for is-data-view@https://registry.npmjs.org/is-data-view/-/is-data-view-1.0.2.tgz. Extracting by manifest.
924 silly tarball no local data for is-callable@https://registry.npmjs.org/is-callable/-/is-callable-1.2.7.tgz. Extracting by manifest.
925 silly tarball no local data for is-array-buffer@https://registry.npmjs.org/is-array-buffer/-/is-array-buffer-3.0.5.tgz. Extracting by manifest.
926 silly tarball no local data for internal-slot@https://registry.npmjs.org/internal-slot/-/internal-slot-1.1.0.tgz. Extracting by manifest.
927 silly tarball no local data for has-proto@https://registry.npmjs.org/has-proto/-/has-proto-1.2.0.tgz. Extracting by manifest.
928 silly tarball no local data for globalthis@https://registry.npmjs.org/globalthis/-/globalthis-1.0.4.tgz. Extracting by manifest.
929 silly tarball no local data for get-symbol-description@https://registry.npmjs.org/get-symbol-description/-/get-symbol-description-1.1.0.tgz. Extracting by manifest.
930 silly tarball no local data for function.prototype.name@https://registry.npmjs.org/function.prototype.name/-/function.prototype.name-1.1.8.tgz. Extracting by manifest.
931 silly tarball no local data for es-to-primitive@https://registry.npmjs.org/es-to-primitive/-/es-to-primitive-1.3.0.tgz. Extracting by manifest.
932 silly tarball no local data for data-view-byte-offset@https://registry.npmjs.org/data-view-byte-offset/-/data-view-byte-offset-1.0.1.tgz. Extracting by manifest.
933 silly tarball no local data for data-view-byte-length@https://registry.npmjs.org/data-view-byte-length/-/data-view-byte-length-1.0.2.tgz. Extracting by manifest.
934 silly tarball no local data for data-view-buffer@https://registry.npmjs.org/data-view-buffer/-/data-view-buffer-1.0.2.tgz. Extracting by manifest.
935 silly tarball no local data for available-typed-arrays@https://registry.npmjs.org/available-typed-arrays/-/available-typed-arrays-1.0.7.tgz. Extracting by manifest.
936 silly tarball no local data for arraybuffer.prototype.slice@https://registry.npmjs.org/arraybuffer.prototype.slice/-/arraybuffer.prototype.slice-1.0.4.tgz. Extracting by manifest.
937 silly tarball no local data for array-buffer-byte-length@https://registry.npmjs.org/array-buffer-byte-length/-/array-buffer-byte-length-1.0.2.tgz. Extracting by manifest.
938 silly tarball no local data for object-keys@https://registry.npmjs.org/object-keys/-/object-keys-1.1.1.tgz. Extracting by manifest.
939 silly tarball no local data for has-property-descriptors@https://registry.npmjs.org/has-property-descriptors/-/has-property-descriptors-1.0.2.tgz. Extracting by manifest.
940 silly tarball no local data for define-data-property@https://registry.npmjs.org/define-data-property/-/define-data-property-1.1.4.tgz. Extracting by manifest.
941 silly tarball no local data for set-function-length@https://registry.npmjs.org/set-function-length/-/set-function-length-1.2.2.tgz. Extracting by manifest.
942 silly tarball no local data for readable-stream@https://registry.npmjs.org/readable-stream/-/readable-stream-2.3.8.tgz. Extracting by manifest.
943 silly tarball no local data for es-shim-unscopables@https://registry.npmjs.org/es-shim-unscopables/-/es-shim-unscopables-1.1.0.tgz. Extracting by manifest.
944 silly tarball no local data for es-abstract@https://registry.npmjs.org/es-abstract/-/es-abstract-1.24.2.tgz. Extracting by manifest.
945 silly tarball no local data for define-properties@https://registry.npmjs.org/define-properties/-/define-properties-1.2.1.tgz. Extracting by manifest.
946 silly tarball no local data for call-bind@https://registry.npmjs.org/call-bind/-/call-bind-1.0.9.tgz. Extracting by manifest.
947 silly tarball no local data for stealthy-require@https://registry.npmjs.org/stealthy-require/-/stealthy-require-1.1.1.tgz. Extracting by manifest.
948 silly tarball no local data for request@https://registry.npmjs.org/request/-/request-2.88.2.tgz. Extracting by manifest.
949 silly tarball no local data for request-promise-core@https://registry.npmjs.org/request-promise-core/-/request-promise-core-1.1.3.tgz. Extracting by manifest.
950 silly tarball no local data for uuid@https://registry.npmjs.org/uuid/-/uuid-8.3.2.tgz. Extracting by manifest.
951 silly tarball no local data for tunnel-agent@https://registry.npmjs.org/tunnel-agent/-/tunnel-agent-0.6.0.tgz. Extracting by manifest.
952 silly tarball no local data for tough-cookie@https://registry.npmjs.org/tough-cookie/-/tough-cookie-5.1.2.tgz. Extracting by manifest.
953 silly tarball no local data for performance-now@https://registry.npmjs.org/performance-now/-/performance-now-2.1.0.tgz. Extracting by manifest.
954 silly tarball no local data for json-stringify-safe@https://registry.npmjs.org/json-stringify-safe/-/json-stringify-safe-5.0.1.tgz. Extracting by manifest.
955 silly tarball no local data for isstream@https://registry.npmjs.org/isstream/-/isstream-0.1.2.tgz. Extracting by manifest.
956 silly tarball no local data for is-typedarray@https://registry.npmjs.org/is-typedarray/-/is-typedarray-1.0.0.tgz. Extracting by manifest.
957 silly tarball no local data for http-signature@https://registry.npmjs.org/http-signature/-/http-signature-1.4.0.tgz. Extracting by manifest.
958 silly tarball no local data for forever-agent@https://registry.npmjs.org/forever-agent/-/forever-agent-0.6.1.tgz. Extracting by manifest.
959 silly tarball no local data for extend@https://registry.npmjs.org/extend/-/extend-3.0.2.tgz. Extracting by manifest.
960 silly tarball no local data for caseless@https://registry.npmjs.org/caseless/-/caseless-0.12.0.tgz. Extracting by manifest.
961 silly tarball no local data for aws4@https://registry.npmjs.org/aws4/-/aws4-1.13.2.tgz. Extracting by manifest.
962 silly tarball no local data for aws-sign2@https://registry.npmjs.org/aws-sign2/-/aws-sign2-0.7.0.tgz. Extracting by manifest.
963 silly tarball no local data for pump@https://registry.npmjs.org/pump/-/pump-2.0.1.tgz. Extracting by manifest.
964 silly tarball no local data for file-type@https://registry.npmjs.org/file-type/-/file-type-3.9.0.tgz. Extracting by manifest.
965 silly tarball no local data for eventemitter3@https://registry.npmjs.org/eventemitter3/-/eventemitter3-3.1.2.tgz. Extracting by manifest.
966 silly tarball no local data for bl@https://registry.npmjs.org/bl/-/bl-1.2.3.tgz. Extracting by manifest.
967 silly tarball no local data for array.prototype.findindex@https://registry.npmjs.org/array.prototype.findindex/-/array.prototype.findindex-2.2.4.tgz. Extracting by manifest.
968 silly tarball no local data for @cypress/request-promise@https://registry.npmjs.org/@cypress/request-promise/-/request-promise-5.0.0.tgz. Extracting by manifest.
969 silly tarball no local data for @cypress/request@https://registry.npmjs.org/@cypress/request/-/request-3.0.10.tgz. Extracting by manifest.
970 silly tarball no local data for socks-proxy-agent@https://registry.npmjs.org/socks-proxy-agent/-/socks-proxy-agent-8.0.5.tgz. Extracting by manifest.
971 silly tarball no local data for node-telegram-bot-api@https://registry.npmjs.org/node-telegram-bot-api/-/node-telegram-bot-api-0.66.0.tgz. Extracting by manifest.
972 silly tarball no local data for bluebird@https://registry.npmjs.org/bluebird/-/bluebird-3.7.2.tgz. Extracting by manifest.
973 silly tarball no local data for node-red-contrib-telegrambot@https://registry.npmjs.org/node-red-contrib-telegrambot/-/node-red-contrib-telegrambot-17.1.3.tgz. Extracting by manifest.
974 silly tarball no local data for isarray@https://registry.npmjs.org/isarray/-/isarray-2.0.5.tgz. Extracting by manifest.
975 silly tarball no local data for safe-buffer@https://registry.npmjs.org/safe-buffer/-/safe-buffer-5.1.2.tgz. Extracting by manifest.
976 silly tarball no local data for core-util-is@https://registry.npmjs.org/core-util-is/-/core-util-is-1.0.2.tgz. Extracting by manifest.
977 silly tarball no local data for isarray@https://registry.npmjs.org/isarray/-/isarray-2.0.5.tgz. Extracting by manifest.
978 silly tarball no local data for isarray@https://registry.npmjs.org/isarray/-/isarray-2.0.5.tgz. Extracting by manifest.
979 silly tarball no local data for safe-buffer@https://registry.npmjs.org/safe-buffer/-/safe-buffer-5.1.2.tgz. Extracting by manifest.
980 silly tarball no local data for jsprim@https://registry.npmjs.org/jsprim/-/jsprim-1.4.2.tgz. Extracting by manifest.
981 silly tarball no local data for uuid@https://registry.npmjs.org/uuid/-/uuid-3.4.0.tgz. Extracting by manifest.
982 silly tarball no local data for tough-cookie@https://registry.npmjs.org/tough-cookie/-/tough-cookie-2.5.0.tgz. Extracting by manifest.
983 silly tarball no local data for qs@https://registry.npmjs.org/qs/-/qs-6.5.5.tgz. Extracting by manifest.
984 silly tarball no local data for http-signature@https://registry.npmjs.org/http-signature/-/http-signature-1.2.0.tgz. Extracting by manifest.
985 silly tarball no local data for form-data@https://registry.npmjs.org/form-data/-/form-data-2.3.3.tgz. Extracting by manifest.
986 silly tarball no local data for tough-cookie@https://registry.npmjs.org/tough-cookie/-/tough-cookie-4.1.4.tgz. Extracting by manifest.
987 silly tarball no local data for debug@https://registry.npmjs.org/debug/-/debug-3.2.7.tgz. Extracting by manifest.
988 http fetch GET 200 https://registry.npmjs.org/querystringify/-/querystringify-2.2.0.tgz 636ms (cache miss)
989 http fetch GET 200 https://registry.npmjs.org/requires-port/-/requires-port-1.0.0.tgz 646ms (cache miss)
990 http fetch GET 200 https://registry.npmjs.org/is-weakset/-/is-weakset-2.0.4.tgz 639ms (cache miss)
991 http fetch GET 200 https://registry.npmjs.org/universalify/-/universalify-0.2.0.tgz 643ms (cache miss)
992 http fetch GET 200 https://registry.npmjs.org/is-weakmap/-/is-weakmap-2.0.2.tgz 641ms (cache miss)
993 http fetch GET 200 https://registry.npmjs.org/is-boolean-object/-/is-boolean-object-1.2.2.tgz 653ms (cache miss)
994 http fetch GET 200 https://registry.npmjs.org/url-parse/-/url-parse-1.5.10.tgz 674ms (cache miss)
995 http fetch GET 200 https://registry.npmjs.org/has-bigints/-/has-bigints-1.1.0.tgz 670ms (cache miss)
996 http fetch GET 200 https://registry.npmjs.org/which-builtin-type/-/which-builtin-type-1.2.1.tgz 668ms (cache miss)
997 http fetch GET 200 https://registry.npmjs.org/which-boxed-primitive/-/which-boxed-primitive-1.1.1.tgz 676ms (cache miss)
998 http fetch GET 200 https://registry.npmjs.org/is-bigint/-/is-bigint-1.1.0.tgz 678ms (cache miss)
999 http fetch GET 200 https://registry.npmjs.org/for-each/-/for-each-0.3.5.tgz 674ms (cache miss)
1000 http fetch GET 200 https://registry.npmjs.org/reflect.getprototypeof/-/reflect.getprototypeof-1.0.10.tgz 675ms (cache miss)
1001 http fetch GET 200 https://registry.npmjs.org/ecc-jsbn/-/ecc-jsbn-0.1.2.tgz 666ms (cache miss)
1002 http fetch GET 200 https://registry.npmjs.org/jsbn/-/jsbn-0.1.1.tgz 673ms (cache miss)
1003 http fetch GET 200 https://registry.npmjs.org/getpass/-/getpass-0.1.7.tgz 674ms (cache miss)
1004 http fetch GET 200 https://registry.npmjs.org/asn1/-/asn1-0.2.6.tgz 679ms (cache miss)
1005 http fetch GET 200 https://registry.npmjs.org/dashdash/-/dashdash-1.14.1.tgz 682ms (cache miss)
1006 http fetch GET 200 https://registry.npmjs.org/tweetnacl/-/tweetnacl-0.14.5.tgz 694ms (cache miss)
1007 http fetch GET 200 https://registry.npmjs.org/is-map/-/is-map-2.0.3.tgz 740ms (cache miss)
1008 http fetch GET 200 https://registry.npmjs.org/which-collection/-/which-collection-1.0.2.tgz 736ms (cache miss)
1009 http fetch GET 200 https://registry.npmjs.org/smart-buffer/-/smart-buffer-4.2.0.tgz 706ms (cache miss)
1010 http fetch GET 200 https://registry.npmjs.org/is-async-function/-/is-async-function-2.1.1.tgz 736ms (cache miss)
1011 http fetch GET 200 https://registry.npmjs.org/generator-function/-/generator-function-2.0.1.tgz 776ms (cache miss)
1012 http fetch GET 200 https://registry.npmjs.org/psl/-/psl-1.15.0.tgz 785ms (cache miss)
1013 http fetch GET 200 https://registry.npmjs.org/is-number-object/-/is-number-object-1.1.1.tgz 774ms (cache miss)
1014 http fetch GET 200 https://registry.npmjs.org/agent-base/-/agent-base-7.1.4.tgz 747ms (cache miss)
1015 http fetch GET 200 https://registry.npmjs.org/is-generator-function/-/is-generator-function-1.1.2.tgz 793ms (cache miss)
1016 http fetch GET 200 https://registry.npmjs.org/async-function/-/async-function-1.0.0.tgz 806ms (cache miss)
1017 http fetch GET 200 https://registry.npmjs.org/fast-json-stable-stringify/-/fast-json-stable-stringify-2.1.0.tgz 775ms (cache miss)
1018 http fetch GET 200 https://registry.npmjs.org/json-schema-traverse/-/json-schema-traverse-0.4.1.tgz 777ms (cache miss)
1019 http fetch GET 200 https://registry.npmjs.org/fast-deep-equal/-/fast-deep-equal-3.1.3.tgz 777ms (cache miss)
1020 http fetch GET 200 https://registry.npmjs.org/ip-address/-/ip-address-10.1.0.tgz 797ms (cache miss)
1021 http fetch GET 200 https://registry.npmjs.org/socks/-/socks-2.8.7.tgz 811ms (cache miss)
1022 http fetch GET 200 https://registry.npmjs.org/tldts-core/-/tldts-core-6.1.86.tgz 830ms (cache miss)
1023 http fetch GET 200 https://registry.npmjs.org/har-validator/-/har-validator-5.1.5.tgz 853ms (cache miss)
1024 warn deprecated har-validator@5.1.5: this library is no longer supported
1025 http fetch GET 200 https://registry.npmjs.org/har-schema/-/har-schema-2.0.0.tgz 878ms (cache miss)
1026 http fetch GET 200 https://registry.npmjs.org/set-function-name/-/set-function-name-2.0.2.tgz 857ms (cache miss)
1027 http fetch GET 200 https://registry.npmjs.org/is-finalizationregistry/-/is-finalizationregistry-1.1.1.tgz 933ms (cache miss)
1028 http fetch GET 200 https://registry.npmjs.org/string_decoder/-/string_decoder-1.1.1.tgz 864ms (cache miss)
1029 http fetch GET 200 https://registry.npmjs.org/process-nextick-args/-/process-nextick-args-2.0.1.tgz 865ms (cache miss)
1030 http fetch GET 200 https://registry.npmjs.org/oauth-sign/-/oauth-sign-0.9.0.tgz 872ms (cache miss)
1031 http fetch GET 200 https://registry.npmjs.org/util-deprecate/-/util-deprecate-1.0.2.tgz 868ms (cache miss)
1032 http fetch GET 200 https://registry.npmjs.org/isarray/-/isarray-1.0.0.tgz 864ms (cache miss)
1033 http fetch GET 200 https://registry.npmjs.org/core-util-is/-/core-util-is-1.0.3.tgz 863ms (cache miss)
1034 http fetch GET 200 https://registry.npmjs.org/uri-js/-/uri-js-4.4.1.tgz 921ms (cache miss)
1035 http fetch GET 200 https://registry.npmjs.org/tldts/-/tldts-6.1.86.tgz 946ms (cache miss)
1036 http fetch GET 200 https://registry.npmjs.org/wrappy/-/wrappy-1.0.2.tgz 944ms (cache miss)
1037 http fetch GET 200 https://registry.npmjs.org/once/-/once-1.4.0.tgz 977ms (cache miss)
1038 http fetch GET 200 https://registry.npmjs.org/verror/-/verror-1.10.0.tgz 982ms (cache miss)
1039 http fetch GET 200 https://registry.npmjs.org/end-of-stream/-/end-of-stream-1.4.5.tgz 987ms (cache miss)
1040 http fetch GET 200 https://registry.npmjs.org/is-symbol/-/is-symbol-1.1.1.tgz 976ms (cache miss)
1041 http fetch GET 200 https://registry.npmjs.org/is-date-object/-/is-date-object-1.1.0.tgz 975ms (cache miss)
1042 http fetch GET 200 https://registry.npmjs.org/json-schema/-/json-schema-0.4.0.tgz 989ms (cache miss)
1043 http fetch GET 200 https://registry.npmjs.org/assert-plus/-/assert-plus-1.0.0.tgz 982ms (cache miss)
1044 http fetch GET 200 https://registry.npmjs.org/jsprim/-/jsprim-2.0.2.tgz 985ms (cache miss)
1045 http fetch GET 200 https://registry.npmjs.org/functions-have-names/-/functions-have-names-1.2.3.tgz 990ms (cache miss)
1046 http fetch GET 200 https://registry.npmjs.org/bcrypt-pbkdf/-/bcrypt-pbkdf-1.0.2.tgz 1040ms (cache miss)
1047 http fetch GET 200 https://registry.npmjs.org/extsprintf/-/extsprintf-1.3.0.tgz 998ms (cache miss)
1048 http fetch GET 200 https://registry.npmjs.org/sshpk/-/sshpk-1.18.0.tgz 1010ms (cache miss)
1049 http fetch GET 200 https://registry.npmjs.org/ajv/-/ajv-6.14.0.tgz 1034ms (cache miss)
1050 http fetch GET 200 https://registry.npmjs.org/typed-array-length/-/typed-array-length-1.0.7.tgz 1011ms (cache miss)
1051 http fetch GET 200 https://registry.npmjs.org/typed-array-buffer/-/typed-array-buffer-1.0.3.tgz 1074ms (cache miss)
1052 http fetch GET 200 https://registry.npmjs.org/stop-iteration-iterator/-/stop-iteration-iterator-1.1.0.tgz 1074ms (cache miss)
1053 http fetch GET 200 https://registry.npmjs.org/typed-array-byte-length/-/typed-array-byte-length-1.0.3.tgz 1083ms (cache miss)
1054 http fetch GET 200 https://registry.npmjs.org/typed-array-byte-offset/-/typed-array-byte-offset-1.0.4.tgz 1084ms (cache miss)
1055 http fetch GET 200 https://registry.npmjs.org/string.prototype.trimstart/-/string.prototype.trimstart-1.0.8.tgz 1101ms (cache miss)
1056 http fetch GET 200 https://registry.npmjs.org/which-typed-array/-/which-typed-array-1.1.20.tgz 1107ms (cache miss)
1057 http fetch GET 200 https://registry.npmjs.org/string.prototype.trimend/-/string.prototype.trimend-1.0.9.tgz 1106ms (cache miss)
1058 http fetch GET 200 https://registry.npmjs.org/possible-typed-array-names/-/possible-typed-array-names-1.1.0.tgz 1120ms (cache miss)
1059 http fetch GET 200 https://registry.npmjs.org/set-proto/-/set-proto-1.0.0.tgz 1134ms (cache miss)
1060 http fetch GET 200 https://registry.npmjs.org/unbox-primitive/-/unbox-primitive-1.1.0.tgz 1147ms (cache miss)
1061 http fetch GET 200 https://registry.npmjs.org/safe-push-apply/-/safe-push-apply-1.0.0.tgz 1159ms (cache miss)
1062 http fetch GET 200 https://registry.npmjs.org/own-keys/-/own-keys-1.0.1.tgz 1157ms (cache miss)
1063 http fetch GET 200 https://registry.npmjs.org/is-string/-/is-string-1.1.1.tgz 1153ms (cache miss)
1064 http fetch GET 200 https://registry.npmjs.org/is-typed-array/-/is-typed-array-1.1.15.tgz 1154ms (cache miss)
1065 http fetch GET 200 https://registry.npmjs.org/is-set/-/is-set-2.0.3.tgz 1152ms (cache miss)
1066 http fetch GET 200 https://registry.npmjs.org/regexp.prototype.flags/-/regexp.prototype.flags-1.5.4.tgz 1168ms (cache miss)
1067 http fetch GET 200 https://registry.npmjs.org/is-weakref/-/is-weakref-1.1.1.tgz 1186ms (cache miss)
1068 http fetch GET 200 https://registry.npmjs.org/safe-regex-test/-/safe-regex-test-1.1.0.tgz 1205ms (cache miss)
1069 http fetch GET 200 https://registry.npmjs.org/string.prototype.trim/-/string.prototype.trim-1.2.10.tgz 1218ms (cache miss)
1070 http fetch GET 200 https://registry.npmjs.org/is-callable/-/is-callable-1.2.7.tgz 1209ms (cache miss)
1071 http fetch GET 200 https://registry.npmjs.org/is-data-view/-/is-data-view-1.0.2.tgz 1210ms (cache miss)
1072 http fetch GET 200 https://registry.npmjs.org/is-array-buffer/-/is-array-buffer-3.0.5.tgz 1231ms (cache miss)
1073 http fetch GET 200 https://registry.npmjs.org/safe-array-concat/-/safe-array-concat-1.1.4.tgz 1249ms (cache miss)
1074 http fetch GET 200 https://registry.npmjs.org/is-shared-array-buffer/-/is-shared-array-buffer-1.0.4.tgz 1246ms (cache miss)
1075 http fetch GET 200 https://registry.npmjs.org/data-view-buffer/-/data-view-buffer-1.0.2.tgz 1247ms (cache miss)
1076 http fetch GET 200 https://registry.npmjs.org/get-symbol-description/-/get-symbol-description-1.1.0.tgz 1252ms (cache miss)
1077 http fetch GET 200 https://registry.npmjs.org/internal-slot/-/internal-slot-1.1.0.tgz 1259ms (cache miss)
1078 http fetch GET 200 https://registry.npmjs.org/array-buffer-byte-length/-/array-buffer-byte-length-1.0.2.tgz 1246ms (cache miss)
1079 http fetch GET 200 https://registry.npmjs.org/has-property-descriptors/-/has-property-descriptors-1.0.2.tgz 1245ms (cache miss)
1080 http fetch GET 200 https://registry.npmjs.org/globalthis/-/globalthis-1.0.4.tgz 1263ms (cache miss)
1081 http fetch GET 200 https://registry.npmjs.org/is-negative-zero/-/is-negative-zero-2.0.3.tgz 1271ms (cache miss)
1082 http fetch GET 200 https://registry.npmjs.org/set-function-length/-/set-function-length-1.2.2.tgz 1250ms (cache miss)
1083 http fetch GET 200 https://registry.npmjs.org/is-regex/-/is-regex-1.2.1.tgz 1281ms (cache miss)
1084 http fetch GET 200 https://registry.npmjs.org/data-view-byte-offset/-/data-view-byte-offset-1.0.1.tgz 1276ms (cache miss)
1085 http fetch GET 200 https://registry.npmjs.org/has-proto/-/has-proto-1.2.0.tgz 1297ms (cache miss)
1086 http fetch GET 200 https://registry.npmjs.org/data-view-byte-length/-/data-view-byte-length-1.0.2.tgz 1303ms (cache miss)
1087 http fetch GET 200 https://registry.npmjs.org/es-shim-unscopables/-/es-shim-unscopables-1.1.0.tgz 1290ms (cache miss)
1088 http fetch GET 200 https://registry.npmjs.org/define-data-property/-/define-data-property-1.1.4.tgz 1315ms (cache miss)
1089 http fetch GET 200 https://registry.npmjs.org/function.prototype.name/-/function.prototype.name-1.1.8.tgz 1333ms (cache miss)
1090 http fetch GET 200 https://registry.npmjs.org/available-typed-arrays/-/available-typed-arrays-1.0.7.tgz 1327ms (cache miss)
1091 http fetch GET 200 https://registry.npmjs.org/arraybuffer.prototype.slice/-/arraybuffer.prototype.slice-1.0.4.tgz 1339ms (cache miss)
1092 http fetch GET 200 https://registry.npmjs.org/object.assign/-/object.assign-4.1.7.tgz 1366ms (cache miss)
1093 http fetch GET 200 https://registry.npmjs.org/define-properties/-/define-properties-1.2.1.tgz 1334ms (cache miss)
1094 http fetch GET 200 https://registry.npmjs.org/es-to-primitive/-/es-to-primitive-1.3.0.tgz 1353ms (cache miss)
1095 http fetch GET 200 https://registry.npmjs.org/call-bind/-/call-bind-1.0.9.tgz 1340ms (cache miss)
1096 http fetch GET 200 https://registry.npmjs.org/tunnel-agent/-/tunnel-agent-0.6.0.tgz 1337ms (cache miss)
1097 http fetch GET 200 https://registry.npmjs.org/json-stringify-safe/-/json-stringify-safe-5.0.1.tgz 1335ms (cache miss)
1098 http fetch GET 200 https://registry.npmjs.org/http-signature/-/http-signature-1.4.0.tgz 1334ms (cache miss)
1099 http fetch GET 200 https://registry.npmjs.org/isstream/-/isstream-0.1.2.tgz 1337ms (cache miss)
1100 http fetch GET 200 https://registry.npmjs.org/object-keys/-/object-keys-1.1.1.tgz 1353ms (cache miss)
1101 http fetch GET 200 https://registry.npmjs.org/stealthy-require/-/stealthy-require-1.1.1.tgz 1347ms (cache miss)
1102 http fetch GET 200 https://registry.npmjs.org/is-typedarray/-/is-typedarray-1.0.0.tgz 1338ms (cache miss)
1103 http fetch GET 200 https://registry.npmjs.org/readable-stream/-/readable-stream-2.3.8.tgz 1355ms (cache miss)
1104 http fetch GET 200 https://registry.npmjs.org/performance-now/-/performance-now-2.1.0.tgz 1347ms (cache miss)
1105 http fetch GET 200 https://registry.npmjs.org/request-promise-core/-/request-promise-core-1.1.3.tgz 1351ms (cache miss)
1106 http fetch GET 200 https://registry.npmjs.org/request/-/request-2.88.2.tgz 1380ms (cache miss)
1107 warn deprecated request@2.88.2: request has been deprecated, see https://github.com/request/request/issues/3142
1108 http fetch GET 200 https://registry.npmjs.org/extend/-/extend-3.0.2.tgz 1391ms (cache miss)
1109 http fetch GET 200 https://registry.npmjs.org/forever-agent/-/forever-agent-0.6.1.tgz 1394ms (cache miss)
1110 http fetch GET 200 https://registry.npmjs.org/caseless/-/caseless-0.12.0.tgz 1396ms (cache miss)
1111 http fetch GET 200 https://registry.npmjs.org/aws4/-/aws4-1.13.2.tgz 1389ms (cache miss)
1112 http fetch GET 200 https://registry.npmjs.org/bl/-/bl-1.2.3.tgz 1395ms (cache miss)
1113 http fetch GET 200 https://registry.npmjs.org/pump/-/pump-2.0.1.tgz 1399ms (cache miss)
1114 http fetch GET 200 https://registry.npmjs.org/file-type/-/file-type-3.9.0.tgz 1399ms (cache miss)
1115 http fetch GET 200 https://registry.npmjs.org/eventemitter3/-/eventemitter3-3.1.2.tgz 1398ms (cache miss)
1116 http fetch GET 200 https://registry.npmjs.org/aws-sign2/-/aws-sign2-0.7.0.tgz 1407ms (cache miss)
1117 http fetch GET 200 https://registry.npmjs.org/socks-proxy-agent/-/socks-proxy-agent-8.0.5.tgz 1400ms (cache miss)
1118 http fetch GET 200 https://registry.npmjs.org/tough-cookie/-/tough-cookie-5.1.2.tgz 1430ms (cache miss)
1119 http fetch GET 200 https://registry.npmjs.org/@cypress/request/-/request-3.0.10.tgz 1421ms (cache miss)
1120 http fetch GET 200 https://registry.npmjs.org/uuid/-/uuid-8.3.2.tgz 1463ms (cache miss)
1121 http fetch GET 200 https://registry.npmjs.org/node-telegram-bot-api/-/node-telegram-bot-api-0.66.0.tgz 1443ms (cache miss)
1122 http fetch GET 200 https://registry.npmjs.org/isarray/-/isarray-2.0.5.tgz 1433ms (cache miss)
1123 http fetch GET 200 https://registry.npmjs.org/core-util-is/-/core-util-is-1.0.2.tgz 1436ms (cache miss)
1124 http fetch GET 200 https://registry.npmjs.org/isarray/-/isarray-2.0.5.tgz 1445ms (cache miss)
1125 http fetch GET 200 https://registry.npmjs.org/safe-buffer/-/safe-buffer-5.1.2.tgz 1464ms (cache miss)
1126 http fetch GET 200 https://registry.npmjs.org/isarray/-/isarray-2.0.5.tgz 1463ms (cache miss)
1127 http fetch GET 200 https://registry.npmjs.org/jsprim/-/jsprim-1.4.2.tgz 1463ms (cache miss)
1128 http fetch GET 200 https://registry.npmjs.org/array.prototype.findindex/-/array.prototype.findindex-2.2.4.tgz 1490ms (cache miss)
1129 http fetch GET 200 https://registry.npmjs.org/safe-buffer/-/safe-buffer-5.1.2.tgz 1472ms (cache miss)
1130 http fetch GET 200 https://registry.npmjs.org/http-signature/-/http-signature-1.2.0.tgz 1466ms (cache miss)
1131 http fetch GET 200 https://registry.npmjs.org/tough-cookie/-/tough-cookie-2.5.0.tgz 1471ms (cache miss)
1132 http fetch GET 200 https://registry.npmjs.org/uuid/-/uuid-3.4.0.tgz 1473ms (cache miss)
1133 warn deprecated uuid@3.4.0: Please upgrade  to version 7 or higher.  Older versions may use Math.random() in certain circumstances, which is known to be problematic.  See https://v8.dev/blog/math-random for details.
1134 http fetch GET 200 https://registry.npmjs.org/qs/-/qs-6.5.5.tgz 1479ms (cache miss)
1135 http fetch GET 200 https://registry.npmjs.org/bluebird/-/bluebird-3.7.2.tgz 1509ms (cache miss)
1136 http fetch GET 200 https://registry.npmjs.org/form-data/-/form-data-2.3.3.tgz 1519ms (cache miss)
1137 http fetch GET 200 https://registry.npmjs.org/debug/-/debug-3.2.7.tgz 1517ms (cache miss)
1138 http fetch GET 200 https://registry.npmjs.org/tough-cookie/-/tough-cookie-4.1.4.tgz 1520ms (cache miss)
1139 http fetch GET 200 https://registry.npmjs.org/@cypress/request-promise/-/request-promise-5.0.0.tgz 1564ms (cache miss)
1140 http fetch GET 200 https://registry.npmjs.org/lodash/-/lodash-4.18.1.tgz 1764ms (cache miss)
1141 http fetch GET 200 https://registry.npmjs.org/es-abstract/-/es-abstract-1.24.2.tgz 1898ms (cache miss)
1142 http fetch GET 200 https://registry.npmjs.org/node-red-contrib-telegrambot/-/node-red-contrib-telegrambot-17.1.3.tgz 2766ms (cache miss)
1143 silly ADD node_modules/requires-port
1144 silly ADD node_modules/querystringify
1145 silly ADD node_modules/url-parse
1146 silly ADD node_modules/universalify
1147 silly ADD node_modules/psl
1148 silly ADD node_modules/is-weakset
1149 silly ADD node_modules/is-weakmap
1150 silly ADD node_modules/is-map
1151 silly ADD node_modules/generator-function
1152 silly ADD node_modules/async-function
1153 silly ADD node_modules/which-collection
1154 silly ADD node_modules/is-generator-function
1155 silly ADD node_modules/is-finalizationregistry
1156 silly ADD node_modules/is-async-function
1157 silly ADD node_modules/is-number-object
1158 silly ADD node_modules/is-boolean-object
1159 silly ADD node_modules/is-bigint
1160 silly ADD node_modules/which-boxed-primitive
1161 silly ADD node_modules/has-bigints
1162 silly ADD node_modules/which-builtin-type
1163 silly ADD node_modules/which-builtin-type/node_modules/isarray
1164 silly ADD node_modules/reflect.getprototypeof
1165 silly ADD node_modules/for-each
1166 silly ADD node_modules/tldts-core
1167 silly ADD node_modules/tldts
1168 silly ADD node_modules/tweetnacl
1169 silly ADD node_modules/jsbn
1170 silly ADD node_modules/getpass
1171 silly ADD node_modules/ecc-jsbn
1172 silly ADD node_modules/dashdash
1173 silly ADD node_modules/bcrypt-pbkdf
1174 silly ADD node_modules/asn1
1175 silly ADD node_modules/smart-buffer
1176 silly ADD node_modules/ip-address
1177 silly ADD node_modules/socks
1178 silly ADD node_modules/agent-base
1179 silly ADD node_modules/lodash
1180 silly ADD node_modules/uri-js
1181 silly ADD node_modules/json-schema-traverse
1182 silly ADD node_modules/fast-json-stable-stringify
1183 silly ADD node_modules/fast-deep-equal
1184 silly ADD node_modules/har-schema
1185 silly ADD node_modules/ajv
1186 silly ADD node_modules/oauth-sign
1187 silly ADD node_modules/har-validator
1188 silly ADD node_modules/set-function-name
1189 silly ADD node_modules/util-deprecate
1190 silly ADD node_modules/string_decoder
1191 silly ADD node_modules/string_decoder/node_modules/safe-buffer
1192 silly ADD node_modules/process-nextick-args
1193 silly ADD node_modules/isarray
1194 silly ADD node_modules/core-util-is
1195 silly ADD node_modules/wrappy
1196 silly ADD node_modules/once
1197 silly ADD node_modules/end-of-stream
1198 silly ADD node_modules/verror
1199 silly ADD node_modules/verror/node_modules/core-util-is
1200 silly ADD node_modules/json-schema
1201 silly ADD node_modules/extsprintf
1202 silly ADD node_modules/sshpk
1203 silly ADD node_modules/jsprim
1204 silly ADD node_modules/assert-plus
1205 silly ADD node_modules/functions-have-names
1206 silly ADD node_modules/is-symbol
1207 silly ADD node_modules/is-date-object
1208 silly ADD node_modules/possible-typed-array-names
1209 silly ADD node_modules/which-typed-array
1210 silly ADD node_modules/unbox-primitive
1211 silly ADD node_modules/typed-array-length
1212 silly ADD node_modules/typed-array-byte-offset
1213 silly ADD node_modules/typed-array-byte-length
1214 silly ADD node_modules/typed-array-buffer
1215 silly ADD node_modules/string.prototype.trimstart
1216 silly ADD node_modules/string.prototype.trimend
1217 silly ADD node_modules/string.prototype.trim
1218 silly ADD node_modules/stop-iteration-iterator
1219 silly ADD node_modules/set-proto
1220 silly ADD node_modules/safe-regex-test
1221 silly ADD node_modules/safe-push-apply
1222 silly ADD node_modules/safe-push-apply/node_modules/isarray
1223 silly ADD node_modules/safe-array-concat
1224 silly ADD node_modules/safe-array-concat/node_modules/isarray
1225 silly ADD node_modules/regexp.prototype.flags
1226 silly ADD node_modules/own-keys
1227 silly ADD node_modules/object.assign
1228 silly ADD node_modules/is-weakref
1229 silly ADD node_modules/is-typed-array
1230 silly ADD node_modules/is-string
1231 silly ADD node_modules/is-shared-array-buffer
1232 silly ADD node_modules/is-set
1233 silly ADD node_modules/is-regex
1234 silly ADD node_modules/is-negative-zero
1235 silly ADD node_modules/is-data-view
1236 silly ADD node_modules/is-callable
1237 silly ADD node_modules/is-array-buffer
1238 silly ADD node_modules/internal-slot
1239 silly ADD node_modules/has-proto
1240 silly ADD node_modules/globalthis
1241 silly ADD node_modules/get-symbol-description
1242 silly ADD node_modules/function.prototype.name
1243 silly ADD node_modules/es-to-primitive
1244 silly ADD node_modules/data-view-byte-offset
1245 silly ADD node_modules/data-view-byte-length
1246 silly ADD node_modules/data-view-buffer
1247 silly ADD node_modules/available-typed-arrays
1248 silly ADD node_modules/arraybuffer.prototype.slice
1249 silly ADD node_modules/array-buffer-byte-length
1250 silly ADD node_modules/object-keys
1251 silly ADD node_modules/has-property-descriptors
1252 silly ADD node_modules/define-data-property
1253 silly ADD node_modules/set-function-length
1254 silly ADD node_modules/readable-stream
1255 silly ADD node_modules/readable-stream/node_modules/safe-buffer
1256 silly ADD node_modules/es-shim-unscopables
1257 silly ADD node_modules/es-abstract
1258 silly ADD node_modules/define-properties
1259 silly ADD node_modules/call-bind
1260 silly ADD node_modules/stealthy-require
1261 silly ADD node_modules/request
1262 silly ADD node_modules/request/node_modules/jsprim
1263 silly ADD node_modules/request/node_modules/uuid
1264 silly ADD node_modules/request/node_modules/tough-cookie
1265 silly ADD node_modules/request/node_modules/qs
1266 silly ADD node_modules/request/node_modules/http-signature
1267 silly ADD node_modules/request/node_modules/form-data
1268 silly ADD node_modules/request-promise-core
1269 silly ADD node_modules/uuid
1270 silly ADD node_modules/tunnel-agent
1271 silly ADD node_modules/tough-cookie
1272 silly ADD node_modules/performance-now
1273 silly ADD node_modules/json-stringify-safe
1274 silly ADD node_modules/isstream
1275 silly ADD node_modules/is-typedarray
1276 silly ADD node_modules/http-signature
1277 silly ADD node_modules/forever-agent
1278 silly ADD node_modules/extend
1279 silly ADD node_modules/caseless
1280 silly ADD node_modules/aws4
1281 silly ADD node_modules/aws-sign2
1282 silly ADD node_modules/pump
1283 silly ADD node_modules/file-type
1284 silly ADD node_modules/eventemitter3
1285 silly ADD node_modules/bl
1286 silly ADD node_modules/array.prototype.findindex
1287 silly ADD node_modules/@cypress/request-promise
1288 silly ADD node_modules/@cypress/request-promise/node_modules/tough-cookie
1289 silly ADD node_modules/@cypress/request
1290 silly ADD node_modules/socks-proxy-agent
1291 silly ADD node_modules/socks-proxy-agent/node_modules/ms
1292 silly ADD node_modules/socks-proxy-agent/node_modules/debug
1293 silly ADD node_modules/node-telegram-bot-api
1294 silly ADD node_modules/node-telegram-bot-api/node_modules/ms
1295 silly ADD node_modules/node-telegram-bot-api/node_modules/debug
1296 silly ADD node_modules/bluebird
1297 silly ADD node_modules/node-red-contrib-telegrambot
1298 verbose cwd /data
1299 verbose os Linux 5.15.0-60-generic
1300 verbose node v20.20.0
1301 verbose npm  v10.8.2
1302 verbose exit 0
1303 info ok
